"Internal Reference","DESCRIPTION","PRICE","POS Category"
1630016569,"FL NAT RR GFT",22.01,"Dairy"
1630016564,"FL NAT ORG JC CTN",22.01,"Dairy"
1630016565,"FL NAT HOMSTYL OJ",22.01,"Dairy"
1630016567,"FL NAT OJ w/CALC",22.01,"Dairy"
1630016566,"FL NAT HOME/CAL",22.01,"Dairy"
2500004670,"MM PURE SQUEZED ORIG OJ",17.77,"Dairy"
2500004673,"MM PURE SQUEZED CALC OJ",17.77,"Dairy"
3961441280,"NAT CNTRY PREM OJ",17.51,"Dairy"
3961442181,"NAT CNTRY OJ W/CALC",17.51,"Dairy"
2362756041,"SUPER A PREM OJ",17.7,"Dairy"
2362756043,"SUPER A PREM CNTRY OJ",17.7,"Dairy"
2362756039,"SUPER A PREM W/CAL OJ",17.7,"Dairy"
2500005437,"SIMPLY ORANGE W/MANGO",17.71,"Dairy"
2500005438,"SIMPLY ORANGE W/PINE",17.71,"Dairy"
2500004628,"SIMPLY CRANBERRY JC",17.71,"Dairy"
2500005074,"SIMPLY ORANGE W/BAN JC",17.71,"Dairy"
2500005077,"SIMPLY ORANGE w/TANG JC",17.71,"Dairy"
2500005542,"SIMPLY ORANGE ORIG",17.71,"Dairy"
2500005450,"SIMPLY GRFT",17.71,"Dairy"
2500005543,"SIMPLY ORANGE W/CAL",17.71,"Dairy"
2500005573,"SIMPLY APPLE JC",17.71,"Dairy"
5360011000,"TREE RIPE OJ CTN",15.45,"Dairy"
5360011002,"TREE RIPE OJ W/EXTRA CALC",15.45,"Dairy"
4850030842,"TROP PREM ORG STR BAN",17.24,"Dairy"
4850030102,"TROP PREM ORIG OJ",17.24,"Dairy"
4850030139,"TROP PREM HOMSTYL OJ",17.24,"Dairy"
4850030414,"TROP PREM GROVSTND OJ",17.24,"Dairy"
4850030766,"TROP PREM ORG PINE",17.24,"Dairy"
4850030784,"TROP PREM OJ GRVSTND W/CAL",17.24,"Dairy"
4850030569,"TROP PREM OJ W/CAL",17.24,"Dairy"
4850030570,"TROP PREM OJ ANTI-OXIDANT",17.24,"Dairy"
4850030922,"TROP PREM OJ LOW ACID",17.24,"Dairy"
4850030673,"TROP PREM ORG TANG",17.24,"Dairy"
4850030954,"TROP PREM HEALTHY KIDS OJ",17.24,"Dairy"
4850030955,"TROP HEALTHY HERT/OMEGA 3",17.24,"Dairy"
4850030111,"TROP PREM GRPFRT",17.24,"Dairy"
4850030122,"TROP PREM R/R GRPFRT",17.24,"Dairy"
4850002013,"TROP 50 OJ REG",17.24,"Dairy"
4850002014,"TROP 50 OJ W/SOME PULP",17.24,"Dairy"
4850002015,"TROP 50 OJ W/CALC",17.24,"Dairy"
4850002016,"TROP 50 PINE MANGO",17.24,"Dairy"
4850002017,"TROP 50 POMOGRNTE BLUE",17.24,"Dairy"
4850002018,"TROP 50 APPLE JC",17.24,"Dairy"
4850002086,"TROP 50 RED ORANGE ",17.24,"Dairy"
2362751000,"COMPARE OJ CTN",13.39,"Dairy"
1630016016,"G PRIDE CONC OJ",14.55,"Dairy"
1630016018,"G PRIDE CONC OJ W/CALC",14.55,"Dairy"
3246324707,"HOMEMAKER PREM OJ",17.2,"Dairy"
2500004786,"MM OJ CTN",22.73,"Dairy"
2500004792,"MM OJ W/CAL CTN",22.73,"Dairy"
2362756067,"SUPER A OJ CTN",13.39,"Dairy"
2362756083,"SUPER A CNTRY OJ PULP",13.39,"Dairy"
4850000572,"TROP OJ FROM CONCNTRATE",18.75,"Dairy"
2066210183,"NEWMAN'S POMGRNTE LEMON",14.3,"Dairy"
2066210125,"NEWMAN'S PINK LEMONADE",14.3,"Dairy"
2066210128,"NEWMAN'S LEMON ICED TEA",14.3,"Dairy"
2066210136,"NEWMAN'S GORILA GRAPE",14.3,"Dairy"
2066210126,"NEWMAN'S LEMONADE",14.3,"Dairy"
2500005425,"SIMPLY LIMEADE ",12.94,"Dairy"
2500005426,"SIMPLY LEMONADE",12.94,"Dairy"
2500004830,"SIMPLY LEMONADE W/MANGO",12.94,"Dairy"
2500005466,"SIMPLY RASP LEMONADE",12.94,"Dairy"
2500004893,"SIMPLY LEMONDE w/BLUEBRY",12.94,"Dairy"
4850002032,"TROP 50 LEMONADE",14.42,"Dairy"
4850002033,"TROP 50 RASP LEMONADE",14.42,"Dairy"
1630016574,"FL NAT ORIG OJ 89oz",23.01,"Dairy"
1630016576,"FL NAT W/CAL OJ 89oz",23.01,"Dairy"
2500005433,"SIMPLY OJ 89oz",34.66,"Dairy"
4850001833,"TROP OJ 89oz",30.8,"Dairy"
4850001829,"TROP OJ W/SOME PULP 89oz",30.8,"Dairy"
4850001830,"TROP OJ W/CALC 89oz",30.8,"Dairy"
2500005276,"SIMPLY LEMONADE 89oz",18.66,"Dairy"
2500005278,"SIMPLY RASP LEMNADE 89oz",18.66,"Dairy"
4850002073,"TROP ORG JC",29.46,"Dairy"
4850002074,"TROP ORNGE JC w/CALC",29.46,"Dairy"
8390000536,"GOLD PEAK SWET BLCK TEA",11.68,"Dairy"
8390000537,"GOLD PEAK LEMON TEA",11.68,"Dairy"
8390000538,"GOLD PEAK DIET TEA",11.68,"Dairy"
8390000574,"GOLD PEAK UNSWET BLCK TEA",11.68,"Dairy"
8390000629,"GOLD PEAK SWET GREN TEA",11.68,"Dairy"
8390000654,"GOLD PEAK LEMONADE TEA",11.68,"Dairy"
4900006333,"GOLD PEAK RASP TEA",11.68,"Dairy"
4850002113,"DOLE PINEAPPLE",15.2,"Dairy"
4850002114,"DOLE PINE ORANGE",15.2,"Dairy"
4850002115,"DOLE PINE ORANGE BAN",15.2,"Dairy"
4850002109,"DOLE STR KIWI",15.2,"Dairy"
4850002110,"DOLE PINA COLADA",15.2,"Dairy"
4850002111,"DOLE ORANGE STR BAN",15.2,"Dairy"
4850002112,"DOLE ORNGE PEACH MANGO",15.2,"Dairy"
4850002108,"DOLE PARADISE BLEND",15.2,"Dairy"
5360010313,"EARTH WISE POMEGRNTE BLUE",12.08,"Dairy"
5360010314,"EARTH WISE WATERMELON",12.08,"Dairy"
5360010316,"EARTH WISE ORG CAROT MANGO",12.08,"Dairy"
2362756051,"SUPER A PINE ORANGE JC",13.83,"Dairy"
4850002150,"TROP FARMSTD STR BAN JC",17.24,"Dairy"
4850002151,"TROP FARMSTD PEACH MANGO JC",17.24,"Dairy"
4850002152,"TROP FARMSTD POMGRNTE BLUE JC",17.24,"Dairy"
4850020026,"TROP ORG STR BAN CTN",18.88,"Dairy"
4850020231,"TROP ORG PINE CTN",18.88,"Dairy"
4850020219,"TROP ORG PEACH MANG CTN",18.88,"Dairy"
4180040126,"WELCH GRAPE",19.03,"Dairy"
4180040124,"WELCH FRUIT MANGO ",19.03,"Dairy"
4180040132,"WELCH WHITE GRAPE PEACH",19.03,"Dairy"
4180040129,"WELCH STRAW BREEZE",19.03,"Dairy"
4180040141,"WELCH STAR FRUIT KIWI",19.03,"Dairy"
4180040130,"WELCH STR PEACH",19.03,"Dairy"
4180040136,"WELCH MOUNTAIN BERY",19.03,"Dairy"
4180040128,"WELCH MANGO TWIST",19.03,"Dairy"
4180040131,"WELCH BERY PINE PASS FRUIT",19.03,"Dairy"
4180040133,"WELCH GUAVA PINE",19.03,"Dairy"
4180040127,"WELCH PASS FRUIT ",19.03,"Dairy"
4180040134,"WELCH TROP CHERRY",19.03,"Dairy"
3961444104,"NAT CNTRY GUAVA NECTAR",10.16,"Dairy"
3961444105,"NAT CNTRY ORG MANGO NECTAR",10.16,"Dairy"
3961444103,"NAT CNTRY PEAR NECTAR",10.16,"Dairy"
3961444100,"NAT CNTRY MANGO NECTAR",10.16,"Dairy"
5360010211,"SSIPS GUAVA NECTAR",9.5,"Dairy"
5360010214,"SSIPS STR BAN NECTAR",9.5,"Dairy"
5360010213,"SSIPS ORG MANGO NECTAR",9.5,"Dairy"
5020058100,"SUNNY D TANGY ORIG",6.7,"Dairy"
5020001373,"SUN DEL MIX PALLET ORIG/CALI",480,"Dairy"
2362756066,"SUPER A PASSION FRUIT",13.55,"Dairy"
5020000880,"SUNNY D TANGY ORIG",10.64,"Dairy"
5020000322,"SUNNY D CALIF SMOOTH",10.64,"Dairy"
5020055620,"SUNNY D ORG PINE",11.89,"Dairy"
5020001450,"SUNNY D FRUIT PUNCH",11.89,"Dairy"
5020055210,"SUNNY D ORG PEACH",11.82,"Dairy"
5020055410,"SUNNY D ORG STR",11.82,"Dairy"
5020055610,"SUNNY D ORG PINE ",11.82,"Dairy"
5020000330,"SUNNY D CALIF SMOOTH",11.82,"Dairy"
5020000821,"SUNNY D TANGY ORIG",11.82,"Dairy"
5020006874,"SUNNY D MANGO",11.82,"Dairy"
5020001310,"SUNNY D TANGY ORIG",16.22,"Dairy"
5020001311,"SUNNY D CALIF SMOOTH",16.22,"Dairy"
5020001308,"SUNNY D TANGY ORIG 24pk",6.8,"Dairy"
5020001309,"SUNNY D CALIF SMOOTH 24PK",6.8,"Dairy"
5020001535,"SUNNY D ORIG SPORT CAP 6pk ",11.66,"Dairy"
5020001921,"SUNNY D LEMONADE",9.12,"Dairy"
5020001922,"SUNNY D RASP LEMONADE",9.12,"Dairy"
5020001923,"SUNNY D CHERY LIMEADE",9.12,"Dairy"
5020001924,"SUNNY D WATERMELON",9.12,"Dairy"
5020001925,"SUNNY D GRAPE",9.12,"Dairy"
5020001926,"SUNNY D PEACH",9.12,"Dairy"
9518883000,"TAMPICO PEACH ",6.8,"Dairy"
9518814301,"TAMPICO BLUE RASP",6.8,"Dairy"
9518801128,"TAMPICO CITRUS GAL",6.8,"Dairy"
9518803128,"TAMPICO TROPICAL GAL",6.8,"Dairy"
9518802128,"TAMPICO MANGO GAL",6.8,"Dairy"
9518807128,"TAMPICO KIWI STR GAL",6.8,"Dairy"
9518806128,"TAMPICO ISLAND PUNCH",6.8,"Dairy"
2500004745,"BRIGHT & EARLY GRAPE",6.8,"Dairy"
2500004738,"BRIGHT & EARLY APPLE",6.8,"Dairy"
2500004808,"BRIGHT & EARLY ORANGE",6.8,"Dairy"
3246311131,"HOMEMAKER FRT PUNCH",8.86,"Dairy"
3246341134,"HOMEMAKER GRAPE PUNCH",8.86,"Dairy"
3246321132,"HOMEMAKER TROP PUNCH",8.86,"Dairy"
3246331133,"HOMEMAKER BERRY PUNCH",8.86,"Dairy"
3246361136,"HOMEMAKER ICED TEA",8.86,"Dairy"
3246351135,"HOMEMAKER CITRUS PUNCH",8.86,"Dairy"
2500005439,"MM ORANGEADE PUNCH",11.25,"Dairy"
2500002653,"MM FRT PUNCH",11.25,"Dairy"
2500002754,"MM TROPICAL PUNCH",11.25,"Dairy"
2500002716,"MM BERRY PUNCH",11.25,"Dairy"
2500004777,"MM CITRUS PUNCH",10.06,"Dairy"
2500004748,"MM LEMONADE",10.06,"Dairy"
2500004772,"MM FRT PUNCH",10.06,"Dairy"
2500004751,"MM PINK LEMONADE",10.06,"Dairy"
2500004763,"MM GRP PUNCH",10.06,"Dairy"
2500004760,"MM ORANGEADE PUNCH",10.06,"Dairy"
2500004742,"MM LIMEADE",10.06,"Dairy"
2500004766,"MM BERRY PUNCH",10.06,"Dairy"
2500004757,"MM CHERY LIMEADE",10.06,"Dairy"
2500004769,"MM TROP PUNCH",10.06,"Dairy"
2500004811,"MM WATERMELON",10.06,"Dairy"
2500004948,"MM PEACH DRINK",10.06,"Dairy"
2362756077,"SUPER A ICED TEA",7.15,"Dairy"
2362756045,"SUPER A FRUIT PUNCH",7.15,"Dairy"
2362756063,"SUPER A CITRUS PUNCH",7.15,"Dairy"
2362756047,"SUPER A TROP PUNCH",7.15,"Dairy"
2362756049,"SUPER A BERRY PUNCH",7.15,"Dairy"
5360010118,"SSIPS STR KIWI",7.29,"Dairy"
5360010117,"SSIPS TROP PNCH",7.29,"Dairy"
5360010119,"SSIPS GUAVA MANGO",7.29,"Dairy"
5360010173,"SSIPS PINA COLADA",7.29,"Dairy"
5360010500,"SSIPS GREEN TEA",7.29,"Dairy"
5360010046,"SSIPS ICED COOL TEA",7.29,"Dairy"
5360010044,"SSIPS FRT PUNCH",7.29,"Dairy"
5360010503,"SSIPS ORANGEADE",7.29,"Dairy"
5360010142,"SSIPS BERRY PUNCH",7.29,"Dairy"
4850002123,"TROP FRUIT PUNCH",9.85,"Dairy"
4850002127,"TROP ORANGEADE PUNCH",9.85,"Dairy"
4850002107,"TROP BERRY PUNCH",9.85,"Dairy"
4850002106,"TROP TROPICAL PUNCH",9.85,"Dairy"
4850002104,"TROP ORCHARD PEACH PUNCH",9.85,"Dairy"
4850002128,"TROP GRAPE PUNCH",9.85,"Dairy"
4850002222,"TROP WATERMELON DRINK",9.85,"Dairy"
4850002105,"TROP APPLE HARVST PUNCH",9.85,"Dairy"
4850002125,"TROP LEMONADE",9.85,"Dairy"
4850002124,"TROP LIGHT FRUIT PUNCH",9.85,"Dairy"
4850002126,"TROP LIGHT LEMONADE",9.85,"Dairy"
6627300117,"TROPSPLSH FRUIT PUNCH PP1.19",6.98,"Dairy"
6627301014,"TROPSPLSH TROPICAL PP1.19",6.98,"Dairy"
6627301026,"TROPSPLSH BERRY PP1.19",6.98,"Dairy"
6627301030,"TROPSPLSH LEM ICED TEA PP1.19",6.98,"Dairy"
6627301032,"TROPSPLSH STR KIWI PP1.19",6.98,"Dairy"
6627301034,"TROPSPLSH GUAVA MANGO PP1.19",6.98,"Dairy"
4850000100,"TROP ORIG ORG JC CTN",30.29,"Dairy"
4850000000,"TROP OJ PLAS",26.1,"Dairy"
4850000002,"TROP R/R GFT PLAS",26.1,"Dairy"
4850000049,"TROP APPLE JC PLAS",26.1,"Dairy"
4850000672,"TROP CRAN COCKTL PLAS",26.1,"Dairy"
4850000629,"TROP ORG JC 6pk CTN",15.24,"Dairy"
4850000820,"TROP ORG JC W/CAL 6pk CTN",15.24,"Dairy"
4850000945,"TROP HEALTHY KIDS OJ 6pk ",15.24,"Dairy"
5290900358,"CALIFIA LEMONADE",11.67,"Dairy"
5290900359,"CALIFIA LIMEADE",11.67,"Dairy"
5290900360,"CALIFIA ORANGE JC",11.67,"Dairy"
5290900362,"CALIFIA TANGRINE OJ",11.67,"Dairy"
2500000024,"SIMPLY OJ SINGL SERVE",12.14,"Dairy"
2500000035,"SIMPLY OJ W/CAL SINGL SERVE",12.14,"Dairy"
2500000029,"SIMPLY APPLE SINGL SERVE",12.14,"Dairy"
2500000021,"SIMPLY LEMONADE SINGL SERVE",12.14,"Dairy"
2500000031,"SIMPLY LIMEADE SINGL SERVE",12.14,"Dairy"
2500000018,"SIMPLY RASP LEMON SINGL SERVE",12.14,"Dairy"
2500000069,"SIMPLY FRUIT PUNCH SINGL SERVE",12.14,"Dairy"
2500000068,"SIMPLY TROP PUNCH SINGLE SERVE",12.14,"Dairy"
4850001855,"TROP ORG STR BAN",13.37,"Dairy"
4850001852,"TROP OJ CTN",13.37,"Dairy"
4850001853,"TROP HOMSTYL ORG JC CTN",13.37,"Dairy"
4850001856,"TROP R R GRPFRT",13.37,"Dairy"
4850001859,"TROP O J W/CALC",13.37,"Dairy"
4850001775,"TROP PP OJ PLAS",13.23,"Dairy"
4850001776,"TROP PP OJ W/CALC PLAS",13.23,"Dairy"
4850001777,"TROP OJ W/SOME PULP PLAS",13.23,"Dairy"
4850001779,"TROP APPLE PLAS",13.23,"Dairy"
4850001795,"TROP RR GFT W/PULP PLAS",13.23,"Dairy"
4850001781,"TROP CRAN COCKTAL PLAS",13.23,"Dairy"
4850001782,"TROP GRAPE PLAS",13.23,"Dairy"
4850001797,"TROP ORG STR BAN PLAS",13.23,"Dairy"
4850001866,"TROP LEMONADE PLAS",13.23,"Dairy"
4850001904,"TROP 50 OJ W/CALC PLAS",13.23,"Dairy"
4850001953,"TROP 50 POM BLUE PLAS",13.23,"Dairy"
4850000860,"TROP ORG JC PLAS",12.83,"Dairy"
4850000861,"TROP APPLE JC PLAS",12.83,"Dairy"
4850000863,"TROP GRAPE JC PLAS",12.83,"Dairy"
4850000864,"TROP CRAN COCKTL JC PLAS",12.83,"Dairy"
4850000940,"TROP R/R GFT PLAS",12.83,"Dairy"
4850000174,"TROP OJ PLAS",16.41,"Dairy"
4850000175,"TROP GRPFRT PLAS",16.41,"Dairy"
4850000176,"TROP APPLE PLAS",16.41,"Dairy"
3642630033,"MIRA MANGO 3PK",9.86,"Dairy"
3642630034,"MIRA MANGO NECTAR",15.6,"Dairy"
3642630043,"MIRA GUAVA NECTAR",15.6,"Dairy"
3642630036,"MIRA FRUIT COCKTAIL NECTAR",15.6,"Dairy"
3642630035,"MIRA PEAR NECTAR",15.6,"Dairy"
3642630044,"MIRA PINEAPPLE NECTAR",15.6,"Dairy"
3642620061,"MIRA MANGO GLASS",9.69,"Dairy"
3642620065,"MIRA PINK GUAVA GLASS",9.69,"Dairy"
2073509273,"TURK HIL ICED TEA",10.15,"Dairy"
2073509274,"TURK HIL DIET ICED TEA",10.15,"Dairy"
2073509285,"TURK HIL DECAF ICED TEA",10.15,"Dairy"
2073509276,"TURK HIL LEMONADE",10.15,"Dairy"
2073509248,"TURK HIL STR KIWI",10.15,"Dairy"
2073509259,"TURK HIL GREEN TEA",10.15,"Dairy"
2073509279,"TURK HIL LEMONADE TEA",10.15,"Dairy"
2073509394,"TURK HIL POMGRNTE LEMONDE",10.15,"Dairy"
2073509407,"TURK HIL BLCK TEA POMOGRNTE",10.15,"Dairy"
2073509405,"TURK HIL DIET BLCK SWT TEA",10.15,"Dairy"
2073509334,"TURK HIL GREEN TEA MANGO",10.15,"Dairy"
2073509290,"TURK HILL PEACH TEA",10.15,"Dairy"
2073509416,"TURK HIL FRUIT PUNCH",10.15,"Dairy"
2073509260,"TURK HIL PINK LEMONDE",10.15,"Dairy"
2073509242,"TURK HIL DIET ORNGE DECAF TEA",10.15,"Dairy"
2073509306,"TURK HIL DIET GREEN TEA",10.15,"Dairy"
2073509287,"TURK HIL DIET DECAF",10.15,"Dairy"
2073509386,"TURK HIL SWEET TEA",10.15,"Dairy"
2073509275,"TURK HIL ICED TEA",8.68,"Dairy"
2073509304,"TURK HIL GREEN TEA",8.68,"Dairy"
2073509286,"TURK HIL LEMONADE ",8.68,"Dairy"
2073509296,"TURK HIL LEMON TEA",8.68,"Dairy"
2073509412,"TURK HIL FRUIT PUNCH ",8.68,"Dairy"
2073509381,"TURK HIL ORNGEADE",8.68,"Dairy"
2073509643,"TURK HIL LEMONADE 18oz",4.72,"Dairy"
2073509657,"TURK HIL STR KIWI 18oz",4.72,"Dairy"
2073509655,"TURK HIL POMGRNTE LEMNDE 18oz",4.72,"Dairy"
2073509644,"TURK HIL FRUIT PUNCH 18oz",4.72,"Dairy"
2073509635,"TURK HIL DIET ICED TEA 18oz",4.72,"Dairy"
2073509634,"TURK HIL ICED TEA 18oz",4.72,"Dairy"
2073509639,"TURK HIL SWEET TEA 18oz",4.72,"Dairy"
2073509641,"TURK HIL GREEN TEA 18oz",4.72,"Dairy"
2073509637,"TURK HIL LEMONADE TEA 18oz",4.72,"Dairy"
2073509636,"TURK HIL ORANGE TEA 18oz",4.72,"Dairy"
2073509640,"TURK HIL RASP TEA 18oz",4.72,"Dairy"
2073509638,"TURK HIL PEACH TEA 18oz",4.72,"Dairy"
2073509642,"TURK HIL DIET GREN TEA 18oz",4.72,"Dairy"
4274315001,"SABOR COOL STR BEVERAGE",7.6,"Dairy"
4274315002,"SABOR COOL PEACH BEVERAGE",7.6,"Dairy"
4274315003,"SABOR COOL PINE BEVERAGE",7.6,"Dairy"
4274315004,"SABOR COOL NATURL BEVRGE",7.6,"Dairy"
4274315005,"SABOR COOL ORANGE BEVERG",7.6,"Dairy"
4274315006,"SABOR COOL APPLE BEVRGE",7.6,"Dairy"
4410010754,"BAILEYS CARMEL CREAMER",11.49,"Dairy"
4410010781,"BAILEYS TOFFE ALMOND CRM",11.49,"Dairy"
4410020752,"BAILEYS FR VAN CREAMER",11.49,"Dairy"
4410010753,"BAILEYS HAZELNUT CREAMER",11.49,"Dairy"
4410010755,"BAILEYS IRISH CREAM",11.49,"Dairy"
5000030262,"COF-MATE CREAMER ORIG",28.14,"Dairy"
5000033952,"COF-MATE FF CREAMER",28.14,"Dairy"
5000032275,"COF-MATE FRENCH VAN",36.31,"Dairy"
5000032290,"COF-MATE HAZELNUT",36.31,"Dairy"
5000012766,"COF-MATE FF FR VAN",36.31,"Dairy"
5000012734,"COF-MATE FF HAZELNUT",36.31,"Dairy"
5000051508,"COF-MATE AMARETTO",36.31,"Dairy"
5000011234,"COF-MATE VAN CARMEL",36.31,"Dairy"
5000084811,"COF-MATE SUGR FREE FR VAN",36.31,"Dairy"
5000084808,"COF-MATE SUGR FREE HAZELNUT",36.31,"Dairy"
5000032842,"COF-MATE FRENCH VAN",20.86,"Dairy"
5000056024,"COF-MATE HAZELNUT",20.86,"Dairy"
5000033982,"COF-MATE FF FRENCH VAN",20.86,"Dairy"
4127101787,"DUNKIN DNUTS ORIG CREAMR",16.42,"Dairy"
4127101761,"DUNKIN DNUTS FF CREMR",16.42,"Dairy"
4127101788,"DUNKIN DNUTS EXTRA CREMR ",16.42,"Dairy"
4127100970,"INT DEL PUMPKIN SPICE",15.5,"Dairy"
4127102488,"INT DEL IRISH CRM",15.5,"Dairy"
4127100956,"INT DEL WHT CHOC MOCHA",15.5,"Dairy"
4127102254,"INT DEL SF FF HAZELNUT",15.5,"Dairy"
4127101993,"INT DEL CINNABON ",15.5,"Dairy"
4127101997,"INT DEL ALMOND JOY",15.5,"Dairy"
4127100472,"INT DEL COLD STONE SWET CRM",15.5,"Dairy"
4127102502,"INT DEL HERSHY CHOC BAR",15.5,"Dairy"
4127100908,"INT DEL WHT CHOC RASP",15.5,"Dairy"
4127102564,"INT DEL FR VAN",30.99,"Dairy"
4127100955,"INT DEL CRML MACCHIATO",30.99,"Dairy"
4127102505,"INT DEL SF FR VAN",30.99,"Dairy"
4127102568,"INT DEL HAZELNUT",30.99,"Dairy"
4127102619,"INT DEL FF FR VAN",30.99,"Dairy"
4127100466,"INT DEL YORK PEPERMINT",10.74,"Dairy"
4127100467,"INT DEL COLD STONE SWET CRM",10.74,"Dairy"
4127100922,"INT DEL CARML MACCHIATO",10.74,"Dairy"
4127100924,"INT DEL WHT CHOC MOCHA",10.74,"Dairy"
4127102563,"INT DEL HAZELNUT",10.74,"Dairy"
4127102608,"INT DEL BUTTER PECAN",10.74,"Dairy"
4127101996,"INT DEL ALMOND JOY",10.74,"Dairy"
4127102562,"INT DEL FRENCH VANILLA",10.74,"Dairy"
4127102638,"INT DEL HERSHY CHOC CRML",10.74,"Dairy"
4127101966,"INT DEL AMARETTO",10.74,"Dairy"
4127101965,"INT DEL IRISH CRM",10.74,"Dairy"
4127101992,"INT DEL CINNABON",10.74,"Dairy"
4127102518,"INT DEL FF FRENCH VAN",10.74,"Dairy"
4127100945,"INT DEL SKINY CARML MACCHIATO",10.74,"Dairy"
5290900348,"CALIFIA ICED COFFE LATTE",22.23,"Dairy"
5290900349,"CALIFIA ICED COFFE ESPRESSO",22.23,"Dairy"
5290900350,"CALIFIA ICED COFFE MOCHA ",22.23,"Dairy"
5290900352,"CALIFIA ICED COFE SALT CARMEL",14.41,"Dairy"
5290900353,"CALIFIA ICED COFE ESPRESO",14.41,"Dairy"
5290900354,"CALIFIA ICED COFE COCOA NOIR",14.41,"Dairy"
4127100492,"INT DEL ICED COFFE VAN",17.6,"Dairy"
4127100495,"INT DEL ICED COFFE MOCHA ",17.6,"Dairy"
4127101827,"INT DEL COFFE CRML MACHIATO",17.6,"Dairy"
5385907068,"8th CONT SOY COMPLETE",13.7,"Dairy"
5385907066,"8th CONT SOY PLAIN",13.7,"Dairy"
5385907067,"8th CONT SOY VAN",13.7,"Dairy"
2529360092,"SILK SOY PLAIN TWIN PK",22.54,"Dairy"
2529360093,"SILK SOY VAN TWIN PK",22.54,"Dairy"
2529360039,"SILK SOY MILK PLAIN",18.18,"Dairy"
2529360027,"SILK SOY MILK VAN",18.18,"Dairy"
2529360031,"SILK SOY CHOC",18.18,"Dairy"
2529360023,"SILK SOY ORGNIC UNSWEET",18.18,"Dairy"
2529360056,"SILK SOY VERY VAN ",18.18,"Dairy"
2529360057,"SILK SOY PLUS OMEGA 3",18.18,"Dairy"
2529360101,"SILK LT PLAIN SOY MILK",18.18,"Dairy"
2529360102,"SILK LT VAN SOY MILK",18.18,"Dairy"
2529360106,"SILK LT CHOC SOY MILK",18.18,"Dairy"
2529360037,"SILK SOY MILK PLAIN ",18.7,"Dairy"
2529360025,"SILK SOY MILK VAN",18.7,"Dairy"
2529360029,"SILK SOY MILK CHOC",18.7,"Dairy"
2529360040,"SILK ORIG CREAMER",17.15,"Dairy"
2529360043,"SILK FR VAN CREAMER",17.15,"Dairy"
9396600200,"ORGANIC VALLY SOY ORIG",18.06,"Dairy"
9396600201,"ORGANIC VALLY SOY VAN",18.06,"Dairy"
2529300092,"SILK SOY ORGNIC PLAIN",19.14,"Dairy"
2529300093,"SILK SOY ORGNIC VAN",19.14,"Dairy"
4157005617,"ALMOND BREZE ORIG",17.54,"Dairy"
4157005621,"ALMOND BREZE VAN",17.54,"Dairy"
4157005618,"ALMOND BREZE UNSWT VAN",17.54,"Dairy"
4157005670,"ALMOND BREZE UNSWET ORIG",17.54,"Dairy"
4157005625,"ALMOND BREZE CHOC ",17.54,"Dairy"
4157010963,"ALMND BREZE REDU SUGR ORIG",17.54,"Dairy"
4157010964,"ALMND BREZE REDU SUGR VAN",17.54,"Dairy"
4157009914,"ALMOND BREZE COCNUT BLND",17.54,"Dairy"
4157009915,"ALMOND BREZE COCNUT UNSWET",17.54,"Dairy"
4157005770,"ALMOND BREEZE ORIG 96oz",19.65,"Dairy"
4157005772,"ALMOND BREEZE VAN 96oz",19.65,"Dairy"
5290900329,"CALIFIA ALMOND ORIG",19.49,"Dairy"
5290900328,"CALIFIA ALMOND VAN",19.49,"Dairy"
5290900330,"CALIFIA ALMOND UNSWET",19.49,"Dairy"
5290900342,"CALIFIA COCUNT ALMOND BLND",19.49,"Dairy"
5290900369,"CALIFIA ALMOND UNSWET VAN",19.49,"Dairy"
2529300098,"SILK ALMOND MILK ORIG ",18.18,"Dairy"
2529300099,"SILK ALMOND MILK VAN",18.18,"Dairy"
2529300119,"SILK ALMOND DARK CHOC",18.18,"Dairy"
2529300149,"SILK ALMOND UNSWETEND",18.18,"Dairy"
2529300136,"SILK ALMOND UNSWETEND VAN",18.18,"Dairy"
2529300274,"SILK CASHEW ORIG ",18.18,"Dairy"
2529300275,"SILK CASHEW UNSWET ",18.18,"Dairy"
2529300216,"SILK LIGHT ALMOND ORIG",18.18,"Dairy"
2529300217,"SILK LIGHT ALMOND VAN",18.18,"Dairy"
2529300241,"SILK BLENDS ORIG",18.18,"Dairy"
2529300242,"SILK BLENDS UNSWET",18.18,"Dairy"
2529300122,"SILK COCONUT ORIG",19.14,"Dairy"
2529300123,"SILK COCONUT VAN ",19.14,"Dairy"
3573227751,"AMISH ORGANIC WHOLE MILK",20.38,"Dairy"
3573220298,"AMISH ORGANIC 2% MILK",20.38,"Dairy"
3573225633,"AMISH ORGANIC 1% MILK",20.38,"Dairy"
3573223740,"AMISH ORGANIC FF MILK",20.38,"Dairy"
4236526435,"HORIZON ORGNIC DHA 2% MILK",26.06,"Dairy"
9396600030,"ORGANIC VALLY 2% CHOC",25.65,"Dairy"
9396651300,"ORGANIC VALLY WHOLE MILK",22.48,"Dairy"
9396651500,"ORGANIC VALLY 2% MILK",22.48,"Dairy"
9396651400,"ORGANIC VALLY 1% MILK",22.48,"Dairy"
9396651600,"ORGANIC VALLY NF MILK",22.48,"Dairy"
9396600445,"ORGANIC VALLY WM OMEGA 3",24.56,"Dairy"
9396600446,"ORGANIC VALLY RF 2% OMEGA 3",24.56,"Dairy"
9396600220,"ORGNIC VALLY FF LACT FREE",24.76,"Dairy"
9396600035,"ORGANIC VALLY 1% LACT FREE",24.76,"Dairy"
9396600091,"ORGANIC VALLY WHOLE MILK",24.9,"Dairy"
9396600021,"ORGANIC VALLY RF 2% MILK",24.9,"Dairy"
9396600090,"ORGANIC VALLY LF 1% MILK",24.9,"Dairy"
9396600022,"ORGANIC VALLY NF MILK",24.9,"Dairy"
5215901205,"STNYFLD ORGNIC WHOLE MILK",22.48,"Dairy"
5215901204,"STNYFLD ORGNIC 2% MILK",22.48,"Dairy"
5215901203,"STNYFLD ORGNIC 1% MILK",22.48,"Dairy"
5215901202,"STNYFLD ORGNIC FF MILK",22.48,"Dairy"
4236500417,"HORIZON VAN ASEPTIC 6pk",19.63,"Dairy"
4236500416,"HORIZON CHOC ASEPTIC 6pk",19.63,"Dairy"
9396600232,"ORGANIC VALLY 1% LF 4pk",23.87,"Dairy"
9396600233,"ORGNIC VALLY 1% CHOC 4pk",23.87,"Dairy"
2529300139,"SILK SOY VERY VAN ASEPTIC",10.94,"Dairy"
2529300137,"SILK SOY CHOC ASEPTIC",10.94,"Dairy"
2529300126,"SILK ALMOND VAN ASEPTIC",10.94,"Dairy"
2529300127,"SILK ALMOND CHOC ASEPTIC",10.94,"Dairy"
7045212319,"FARMLND SKIM PLUS ",19.57,"Dairy"
7045213119,"FARMLAND SKIM PLUS",22.64,"Dairy"
4138309043,"LACTAID 100 FF MILK",20.8,"Dairy"
4138309010,"LACTAID 100 2% RF MILK",20.8,"Dairy"
4138309022,"LACTAID 100 1% LF MILK",20.8,"Dairy"
4138309036,"LACTAID 100 WHOLE MILK",20.8,"Dairy"
4138309021,"LACTAID 100 FF CALC MILK",20.8,"Dairy"
4138309074,"LACTAID 100 2% CALC MILK",20.8,"Dairy"
4138309023,"LACTAID 100 1% CALC MILK",20.8,"Dairy"
4138309029,"LACTAID 100 WH MLK CAL",20.8,"Dairy"
4138309601,"LACTAID 100 1% CHOC",20.8,"Dairy"
4138309075,"LACTAID 100 1% LF MILK",21.55,"Dairy"
4138309042,"LACTAID 100 2% RF MILK",21.55,"Dairy"
4138309600,"LACTAID 100 FF CALC MILK",21.55,"Dairy"
4138309018,"LACTAID 100 FF MILK",21.55,"Dairy"
4138309073,"LACTAID 100 WHOLE MILK",29.86,"Dairy"
4138309070,"LACTAID 100 FF MILK",29.86,"Dairy"
4138309071,"LACTAID 100 LF 1% MILK",29.86,"Dairy"
4138309072,"LACTAID 100 RF 2% MILK",29.86,"Dairy"
4138309025,"LACTAID 100 FF CALC MILK",29.86,"Dairy"
7290400003,"MEYENBERG GOAT MILK",40.36,"Dairy"
7060000046,"TUSCN OVER THE MOON FF MILK",17.4,"Dairy"
8425327117,"RICE DREAM ORIG",17.2,"Dairy"
8425327116,"RICE DREAM VAN",17.2,"Dairy"
3450063456,"LOL HEAVY WHIPPING CREAM",23.45,"Dairy"
3450063611,"LOL WHIPPING CREAM",43.18,"Dairy"
3450063202,"LOL HALF & HALF CREAM",33.57,"Dairy"
3450063210,"LOL FF HALF & HALF CREAM",33.57,"Dairy"
3450063251,"LOL HALF & HALF CREAM",17.68,"Dairy"
3450063211,"LOL FF HALF & HALF CREAM",17.68,"Dairy"
9396651052,"ORGANIC VALLY HALF & HALF",19.29,"Dairy"
9396600033,"ORGANIC VALLY HALF & HALF",34.47,"Dairy"
9396600028,"ORGNIC VALY WHIPING CREM",31.46,"Dairy"
7045276311,"SKIM PLUS FF HALF AND HALF",24.5,"Dairy"
7060000028,"TUSCAN HEAVY CREAM",13.9,"Dairy"
7060000034,"TUSCAN LIGHT CREAM ",18.05,"Dairy"
7060000086,"TUSCAN FF HALF & HALF",12.36,"Dairy"
7060000035,"TUSCAN HALF & HALF ",22.58,"Dairy"
7060000027,"TUSCAN HEAVY CREAM",24.73,"Dairy"
7060000037,"TUSCAN HALF & HALF CREAM",11.69,"Dairy"
7060000026,"TUSCAN HEAVY CREAM",42.5,"Dairy"
7060000036,"TUSCAN HALF & HALF ",22.83,"Dairy"
7060000085,"TUSCAN FF HALF & HALF",21.52,"Dairy"
5225100008,"HERSHEY LF CHOC MILK",13.46,"Dairy"
5225100009,"HERSHEY CHOC MILK SHAKE",13.46,"Dairy"
5225100010,"HERSHEY COOKIE N CREM",13.46,"Dairy"
5225100011,"HERSHEY STR MILK SHAKE",13.46,"Dairy"
2800089500,"NESQUIK FF CHOC MILK",15.25,"Dairy"
2800077212,"NESQUIK CHOC MILK",15.25,"Dairy"
2800089504,"NESQUIK BAN STR MILK",15.25,"Dairy"
2800051575,"NESQUIK STR MILK",15.25,"Dairy"
2800089625,"NESQUIK VAN MILK",15.25,"Dairy"
2800089503,"NESQUIK DOUBL CHOC MILK",15.25,"Dairy"
7235006001,"YOO HOO CHOC DRINK",12.49,"Dairy"
7235006000,"YO-HOO CHOC MILK",9.09,"Dairy"
7148106010,"FR BUTTERMILK",22.97,"Dairy"
3425672128,"ZEIGLR'S NATURL APLE CIDER",18.81,"Dairy"
3425672064,"ZEIGLR'S NATURL APLE CIDER",21.09,"Dairy"
3425628064,"ZEIGLER'S POMGRANTE CIDER",21.09,"Dairy"
3425626064,"ZEIGLER'S SPICE CIDER",21.09,"Dairy"
5290900378,"CALIFIA ALMOND NOG",23.39,"Dairy"
2100030187,"BRK BUTTER SALT 1/4",42.71,"Dairy"
2100030188,"BRK BUTTER SWEET 1/4",42.71,"Dairy"
2100030185,"BRK BUTTER SALT 1/4",63.16,"Dairy"
2100030195,"BRK BUTTER SWEET 1/4",63.16,"Dairy"
7835462011,"CABOT SALT BUTT 1/4",62.1,"Dairy"
7835463604,"CABOT UNSALTED BUTT 1/4",62.1,"Dairy"
6627300209,"FARM CRM SALT BUTTTER 1/4",78,"Dairy"
1570020030,"H BAR BUTTER SALT 1/4",44.95,"Dairy"
1570045010,"H BAR BUTTER SALT 1/4",59.5,"Dairy"
1570045011,"H BAR BUTTER SWEET 1/4",59.5,"Dairy"
3450015136,"LOL BUTTER SALT 1/4",111.8,"Dairy"
3450015150,"LOL BUTTER SWEET 1/4",55.9,"Dairy"
3450015135,"LOL BUTT SALT 4 HALF STICKS",19.61,"Dairy"
1570021310,"PLUGRA EURO UNSLT BUTT 1/4",29.74,"Dairy"
2100030192,"BRK BUTTER SALT WHIP",42.71,"Dairy"
2100030191,"BRK BUTTER SWEET WHIP",42.71,"Dairy"
1570045155,"H BAR BUTTER SALT WHIP",44.95,"Dairy"
1570045156,"H BAR BUTTER SWEET WHIP",44.95,"Dairy"
3450019410,"LOL BUTTER WHIP SALT",19.61,"Dairy"
3450019500,"LOL BUTTER WHIP SWEET",19.61,"Dairy"
2100030196,"BRK SPREDABLE BUTTER",21.48,"Dairy"
3450015129,"LOL SPREADABLE BUTTER",19.43,"Dairy"
3450015116,"LOL SPRD LIGHT BUTT w/CANOLA",19.43,"Dairy"
3377601770,"SMRT BAL SPRDBLE BUTTER",11.66,"Dairy"
3377601780,"SMRT BAL LT SPRDBLE BUTT",11.66,"Dairy"
3377601775,"SMRT BAL SPRDBLE BUTT W/OLIVE",11.66,"Dairy"
2100030197,"BRK ORGNIC SALT WHIP BUTER",26.7,"Dairy"
4236541600,"HORIZON SALTED BUTT 1/4",91.78,"Dairy"
4236541620,"HORIZON UNSALTD BUTT 1/4",91.78,"Dairy"
9396633000,"ORGANIC VALEY SALT BUTER 1/4",72.97,"Dairy"
6770700167,"KERYGOLD SOFT BUTT",38.54,"Dairy"
6770700106,"KERYGOLD IRISH SALT BUTT",44.65,"Dairy"
6770700125,"KERYGOLD IRISH UNSALT BUTT",44.65,"Dairy"
1570020061,"CHEF BUTTER SALT SOLID",2.23,"Dairy"
7835463699,"CABOT 83% BUTT UNSALT SOLIDS",94.81,"Dairy"
1570045035,"H BAR BUTTER SALT 7 LB",2.41,"Dairy"
1570045035,"H BAR BUTTER SALT 7 LB",2.47,"Dairy"
1570045045,"H BAR BUTTER SWEET SOLID",2.26,"Dairy"
,"KELLER BUTTER SWEET CUBE",2.23,"Dairy"
2900000822,"B BON MARGARINE 1/4",23.85,"Dairy"
3377601174,"EARTH BALANCE BUTR STICK",58.79,"Dairy"
3377601179,"EARTH BALANCE SHORT STICK",58.79,"Dairy"
6627300928,"FARM CRM UNSALTED 1/4 MARG",22.8,"Dairy"
6627300922,"FARM CRM MARG SALT 1/4",22.8,"Dairy"
2900000831,"FLEISH MARGARINE 1/4",34.52,"Dairy"
2900000837,"FLEISH MARG SWEET 1/4",34.52,"Dairy"
1570045050,"H BOY MARG 1/4",29.19,"Dairy"
2740010288,"H BAR MARG 1/4",30.75,"Dairy"
4060003416,"ICB BAKING MARG 1/4",54.76,"Dairy"
1111587132,"IMP MARGARINE 1/4",17.81,"Dairy"
3450014000,"LOL MARG 1/4",50.22,"Dairy"
2900065035,"PARKAY MARGARINE LIGHT 1/4",26.98,"Dairy"
2900065020,"PARKAY MARGARINE 1/4",44.97,"Dairy"
2362759015,"SUPER A MARG 1/4",23.49,"Dairy"
2740010320,"SHED CNTRYCRCK CLAS 1/4",28.39,"Dairy"
1111534003,"B BROWN SPREAD SLEEVE",49.06,"Dairy"
2700031147,"FLEISH MARG SLEEVE TWIN PK",25.96,"Dairy"
2700031149,"FLEISH MARG SWEET SLEEVE TWIN PK",25.96,"Dairy"
2700031145,"FLEISH OLIVE OIL SLEEV TWIN PK",25.96,"Dairy"
2900000854,"FLEISH LIGHT SLEVE 2/8oz ",25.96,"Dairy"
4060034100,"ICB MARG SOFT 2/7.5oz pk",16.43,"Dairy"
4060038918,"ICB MARG LT 2/7.5oz PK",16.43,"Dairy"
3450014007,"LOL MARG SOFT TWIN PK",21.08,"Dairy"
3450014404,"LOL BUTTRY TASTE TWIN PK",21.08,"Dairy"
9645119246,"OLIVIO PREM SPRD SLEEV 2/7.5oz",46.76,"Dairy"
2700031144,"PARKAY MARG SOFT TWIN PK",21.38,"Dairy"
1111562124,"PROM REG MARG SLEEVE",49.28,"Dairy"
3377601150,"SMRT BALANCE LT SPRD 2/7.5oz",15.74,"Dairy"
3377601105,"SMRT BALANCE ORIG 2/7.5oz",15.74,"Dairy"
2740010322,"SHED CNTRYCRCK 2/7.5oz ",36.41,"Dairy"
1111517800,"TAKE CONTROL LT SPRD",47.39,"Dairy"
2700000900,"B BON MARG SPREAD",14.68,"Dairy"
1111534004,"B BROWN SPREAD BOWL",32.7,"Dairy"
7868484522,"D FRESH MARG SPREAD",18.03,"Dairy"
3377601178,"EARTH BALANCE SOY GARDEN",37.56,"Dairy"
3377601170,"EARTH BAL ORIG SPRD",20,"Dairy"
3377601186,"EARTH BAL W/OLIVE OIL",38.85,"Dairy"
3377601189,"EARTH BAL SOY FREE SPRD",20.68,"Dairy"
3377601171,"EARTH BAL ORGANIC SPRD",20.68,"Dairy"
3377601175,"EARTH BAL COCUNUT SPRD",41.95,"Dairy"
4060034500,"ICB MARG SOFT BOWL",32.86,"Dairy"
4060022199,"ICB w/OLIVE OIL ",21.9,"Dairy"
4060038718,"ICB MARG LIGHT BOWL",21.9,"Dairy"
3450014429,"LOL BUTTERY TASTE SPRD",21.08,"Dairy"
2900000803,"MOVE OVER BUTTER BOWL",12.1,"Dairy"
9645119241,"OLIVIO PREM SPRD BOWL",31.17,"Dairy"
2700031143,"PARKAY MARG SOFT BOWL MAXI",21.38,"Dairy"
2362759061,"SUPER A MARG SPREAD",13.76,"Dairy"
2362756810,"SUPER A TASTE LIKE BTR",18.23,"Dairy"
3377601950,"SMRT BAL HEART RIGHT LT SPRD",17.52,"Dairy"
3377601162,"SMRT BALANCE ORGNIC WHIP SPRD",18.05,"Dairy"
3377601100,"SMRT BALANCE SPREAD",47.21,"Dairy"
3377601153,"SMRT BALANCE LT W/FLAX OIL ",31.48,"Dairy"
3377601103,"SMRT BALANCE W/OMEGA 3",15.74,"Dairy"
3377601120,"SMRT BALANCE WHIP SLT SPRD",15.74,"Dairy"
3377601130,"SMRT BALANCE W/OLIVE OIL",15.74,"Dairy"
3377601152,"SMRT BALANCE LT W/OLIVE OIL",15.74,"Dairy"
3377601154,"SMRT BALANCE LT W/OMEGA 3",15.74,"Dairy"
3377601135,"SMRT BAL SPRD W/CALC",15.74,"Dairy"
2740010307,"SHED CNTRYCRCK BOWL",48.55,"Dairy"
2740080024,"SHED CNTRYCRCK BOWL W/CAL",24.27,"Dairy"
2740022402,"SHED CNTRYCRCK LIGHT",24.27,"Dairy"
2740039118,"SHED CNTRYCRCK CHURN",24.27,"Dairy"
2700000933,"B BON MARG SPREAD",19.84,"Dairy"
7868485070,"D FRESH MARG SPREAD",17.14,"Dairy"
6627357610,"FARM CRM MARG SPREAD",9.8,"Dairy"
6065974508,"H BAR MARG SPREAD",18.87,"Dairy"
1111522427,"IMP MARG SPREAD",11.42,"Dairy"
4060022425,"ICB MARG SOFT TUB",36.28,"Dairy"
4060022423,"ICB MARG LT SOFT TUB",36.28,"Dairy"
2700031150,"PARKAY MARG SPRED",16.12,"Dairy"
2900065038,"PARKAY MARG LT SPRED",16.12,"Dairy"
2740010312,"SHED CNTRYCRCK SPRD",35.81,"Dairy"
2362759017,"SUPER A MARG SPREAD",11.24,"Dairy"
2362759037,"SUPER A MARG WHIPPED",17.41,"Dairy"
3377601160,"SMRT BALANCE BUTT SPRD",32.2,"Dairy"
3377601156,"SMRT BALANCE LT BUTT SPRD",32.2,"Dairy"
2740026505,"SHED CNTRYCRCK CHURN",40.29,"Dairy"
2740026495,"SHED CNTRYCRCK W/CAL",40.29,"Dairy"
2740026499,"SHED CNTRYCRCK SPRD",40.29,"Dairy"
2740026497,"SHED CNTRYCRCK LIGHT",40.29,"Dairy"
4060034122,"ICB MARG SPRAY",32.99,"Dairy"
2900065150,"PARKAY MARG SQEEZE",42.85,"Dairy"
3377601800,"SMRT BEAT FF MARG SQUEEZE",21.53,"Dairy"
3377601620,"SMRT BALANCE SPRAY",31.48,"Dairy"
7868480114,"DEW FRESH MARG SOLID",22.77,"Dairy"
1570045060,"H BOY MARG SOLID",29.19,"Dairy"
7018982433,"SUNRISE BUTTER BLEND SOLID",26.68,"Dairy"
7018982440,"SUNRISE NO TRANS FAT BUTT BLND",29.68,"Dairy"
5034601020,"GRD A EX LARGE EGGS CART",46.5,"Dairy"
,"GRD A LARGE EGGS CART",46.2,"Dairy"
6,"GRD A EX LARGE EGGS LOOSE",45.6,"Dairy"
9522214453,"NAT YOKE EX LRG CAGE FREE BR EGG",36.54,"Dairy"
9522213532,"NATURE YOKE ORGNIC 6pk EGG",23.79,"Dairy"
9522214732,"NATURE YOKE OMEGA 3 6pk EGG",18.35,"Dairy"
9522212462,"NATURE YOKE NAT WHT EGG",38.24,"Dairy"
9522214464,"NAT YOKE JUMBO CAGE BR PLAS",32.15,"Dairy"
9522214552,"NATURE YOKE NAT BROWN EGG",35.15,"Dairy"
9522213452,"NATURE YOKE ORGANIC BR EGG",47.25,"Dairy"
9522214762,"NATURE YOKE OMEGA 3 EGG",39.32,"Dairy"
9522213564,"NAT YOKE JUMBO ORGNC BR PLAS",42.41,"Dairy"
9396681121,"ORGNIC VALY LRG EGG 6PK",26.5,"Dairy"
9396681180,"ORGNIC VALY OMEGA-3 LRG EGG",28.29,"Dairy"
662497550,"BETTER'N EGGS FAT FREE",27.16,"Dairy"
7027200217,"EGG BEATERS ORIG 32oz",45.96,"Dairy"
7027200216,"EGG BEATERS ",31.79,"Dairy"
7027200213,"EGG BEATERS EGG WHITES",31.79,"Dairy"
9396681111,"ORGNIC VALY EGG WHITES",54.84,"Dairy"
662497220,"PAPETTI ALL WHITES 3pk",20.12,"Dairy"
662497122,"PAPETTI EGG WHITES",48.43,"Dairy"
662433333,"PAPETTI EGG WHITES",27.16,"Dairy"
2016922150,"SIMPLY POTATO MASHED",11.44,"Dairy"
9194567888,"DUTCH FARM BAR CRM CH",47.9,"Dairy"
6627301104,"FARM CRM BAR CRM CH",36.61,"Dairy"
2100061223,"PHIL BAR CRM CH 12pk",28.29,"Dairy"
2100061247,"PHILY LT BAR CRM 12pk",30.22,"Dairy"
2100061223,"PHILLY CRM CH",79.78,"Dairy"
2100061247,"PHILLY LT BAR CRM CH",56.87,"Dairy"
2362756061,"SUPER A BAR CRM CH",38.93,"Dairy"
6627300808,"FARM CRM SOFT CRM CH",14.03,"Dairy"
2100062316,"PHILLY RTE CH CAKE FILLING",21.95,"Dairy"
2100000730,"PHILLY SOFT GARD VEG CRM CH",22.21,"Dairy"
2100000028,"PHILLY SOFT LT CRM CH",22.21,"Dairy"
2100000154,"PHILLY SOFT NF CRM CH",22.21,"Dairy"
2100000733,"PHILLY SOFT PINE CRM CH",22.21,"Dairy"
2100000727,"PHILLY SOFT STR CRM CH",22.21,"Dairy"
2100000728,"PHILLY SOFT CHV & ON CRM CH",22.21,"Dairy"
2100000731,"PHILLY SOFT SALM CRM CH",22.21,"Dairy"
2100000734,"PHILLY SOFT BLUEBRY CRM CH",22.21,"Dairy"
2100000753,"PHILLY SOFT LT CHV & ON CRM CH",22.21,"Dairy"
2100000736,"PHILLY SOFT NF STR CRM CH",22.21,"Dairy"
2100000754,"PHILLY SOFT LT VEG CRM CH",22.21,"Dairy"
2100000014,"PHILLY SOFT CREAM CH",22.21,"Dairy"
2100061688,"PHILLY SOFT CREAM CH",38.22,"Dairy"
2100061218,"PHILLY SOFT LT CRM CH",38.22,"Dairy"
2100061215,"PHILLY SOFT CREAM CH",24.33,"Dairy"
2100061217,"PHILLY SOFT LT CRM CH",24.33,"Dairy"
2362759019,"SUPER A SOFT CRM CH",13.84,"Dairy"
6627302069,"FARM CRM WHIP CRM CH",14.51,"Dairy"
2100060085,"PHILLY WHIP CRM CH",37.3,"Dairy"
2100061984,"PHILLY WHIP CRM CH",26.58,"Dairy"
2100061987,"PHILLY WHIP CHIVE CRM CH",26.58,"Dairy"
2362759063,"SUPER A WHIP CREAM CH",14.33,"Dairy"
2100030028,"TEMPTEE CRM CH",27.77,"Dairy"
2100003667,"TEMPTEE CRM CH",38.49,"Dairy"
2924400500,"5LB SOFT CREAM CHEESE",1.64,"Dairy"
2924400500,"5LB SOFT CREAM CHEESE",1.64,"Dairy"
,"KRAFT CREAM CHEESE",1.8,"Dairy"
,"PHILLY BULK CREAM CH",1.91,"Dairy"
,"PHILLY LITE BULK CRM CH",2.04,"Dairy"
,"PHILLY BULK CREAM CH 50lb",1.83,"Dairy"
3090001613,"RASKAS 3LB LOAF CRM CH",1.63,"Dairy"
,"RASKAS BULK CREAM CH",1.48,"Dairy"
,"TOF KOSHER CREAM CH BULK",2.09,"Dairy"
,"TOFU BETTER THAN CRM CH",1.89,"Dairy"
,"TOFU NON TRANS FAT CREAM CH",1.89,"Dairy"
2018807000,"TOFUTI RICOTTA ",36.5,"Dairy"
2018806010,"TOFUTI SOUR SPREME",18.62,"Dairy"
2018805018,"TOFUTI GARL & HERB",22.34,"Dairy"
2018805010,"TOFUTI PLAIN",22.34,"Dairy"
2018805011,"TOFUTI FR ONION",22.34,"Dairy"
2018805012,"TOFUTI HERB & CHIVE",22.34,"Dairy"
2018805025,"TOFUTI NO BUTER FAT CREM CH",22.34,"Dairy"
2018807701,"TOFUTI AMER SOY CH SL",26.73,"Dairy"
2018807700,"TOFUTI MOZZ SOY CH SL",26.73,"Dairy"
2548400012,"NSOYA ORGNC EX FIRM TOFU",8.28,"Dairy"
2548400010,"NSOYA ORGNC FIRM TOFU",8.28,"Dairy"
2548400013,"NSOYA ORGNC SILKEN TOFU",8.28,"Dairy"
2548400652,"NSOYA ORGNC SPROUTED TOFU",9.94,"Dairy"
2548400021,"NSOYA ORGNC LT FIRM TOFU",9.94,"Dairy"
2548400006,"NSOYA WON TON WRAPERS",10.74,"Dairy"
2548400005,"NSOYA EGG ROLL WRAPERS",10.74,"Dairy"
2548400657,"NASOYA VAC PK EX FIRM",11.59,"Dairy"
2548400669,"NASOYA SHIRTAKI FETUCINE",17.24,"Dairy"
2548400670,"NASOYA SHIRTAKI SPAGETTI",17.24,"Dairy"
7145900001,"DAIYA MOZZ SHRED",35.02,"Dairy"
7145900002,"DAIYA CHED SHRED ",35.02,"Dairy"
7145900003,"DAIYA PEPER JCK SHRED",35.02,"Dairy"
7145900012,"DAIYA CHEDD CHUNK",23.35,"Dairy"
7145900013,"DAIYA JALP HAVRTI CHUNK",23.35,"Dairy"
7145900020,"DAIYA SWISS SL",23.35,"Dairy"
7145900021,"DAIYA PROVOLNE SL",23.35,"Dairy"
7145900022,"DAIYA CHEDDAR SL",23.35,"Dairy"
7145900107,"DAIYA CREAM CHESE ORIG",17.51,"Dairy"
7145900109,"DAIYA CREAM CH CHIVE ",17.51,"Dairy"
7074061611,"CALAVO FRESH CALIENT GUACAMOLE",19.68,"Dairy"
7074061610,"CALAVO FRESH AUTHEN GUACAMOLE",19.68,"Dairy"
7074061612,"CALAVO FRESH PICO GUACAMOLE",19.68,"Dairy"
7074064611,"CALAVO AVOCADO HUMMUS ",19.68,"Dairy"
2100061391,"KR QUALITY FR ONION DIP",23.56,"Dairy"
2100061392,"KR QUALITY RANCH DIP",23.56,"Dairy"
2100061385,"KR QUALITY GREEN ONION DIP",13.73,"Dairy"
2100061382,"KR QUALITY RANCH DIP",13.73,"Dairy"
2100061383,"KR QUALITY FRNCH ONION DIP",13.73,"Dairy"
8062131880,"SANTA BARBA MILD SALSA",11.8,"Dairy"
8062141183,"SANTA BARBA MED SALSA",11.8,"Dairy"
8062141145,"SANTA BARBA HOT SALSA",11.8,"Dairy"
8062141149,"SANTA BARBA ROSTD GARL SALSA",11.8,"Dairy"
8062141182,"SANTA BARBA MANGO/PCH SALSA",11.8,"Dairy"
7170025962,"AX LIGHT SOUR CREAM",21.5,"Dairy"
7170026162,"AX SOUR CREAM",21.5,"Dairy"
2100012129,"BRK SOUR CREAM",35.72,"Dairy"
2100030165,"BRK SOUR CRM",25.66,"Dairy"
2100012164,"BRK 1/3 LESS FAT SOUR CRM",25.66,"Dairy"
2100012125,"BRK FREE SOUR CRM",25.66,"Dairy"
2100030167,"BRK SOUR CRM",15.64,"Dairy"
2100012162,"BRK LIGHT SOUR CRM",15.64,"Dairy"
2100012120,"BRK FREE SOUR CRM",15.64,"Dairy"
7835422404,"CABOT SOUR CREAM",21.94,"Dairy"
7342000006,"DAISY NATURL SOUR CRM",13.92,"Dairy"
7342000011,"DAISY NATURL SOUR CRM",18.97,"Dairy"
7342000015,"DAISY NATURL LT SOUR CRM",18.97,"Dairy"
7148104100,"FR SOUR CRM",10.81,"Dairy"
6627368000,"FARM CRM SOUR CREAM",14.5,"Dairy"
7148104500,"FR LIGHT SOUR CRM",16.18,"Dairy"
7148104200,"FR SOUR CRM",16.18,"Dairy"
9396600205,"ORGANIC VALEY SOUR CREAM",14.97,"Dairy"
2362759023,"SUPER A SOUR CREAM",18.14,"Dairy"
4090000241,"DAIRY STAR SOUR CREAM",24.42,"Dairy"
7148104300,"FR SOUR CR 10lb ",26.88,"Dairy"
,"TOFU SOUR SUPREME",1.8,"Dairy"
2100012380,"BRK SM CURD 4% COTT CH 4pk",20.03,"Dairy"
2100012381,"BRK SM CURD NF COTT CH 4pk",20.03,"Dairy"
2100012382,"BRK SM CURD 2% COTT CH 4pk",20.03,"Dairy"
2100001328,"BRK DIGESTIVE COTT CH 4pk",20.03,"Dairy"
2100000668,"BRK 100 CAL STR DOUBLS",9.63,"Dairy"
2100000669,"BRK 100 CAL PEACH DOUBL",9.63,"Dairy"
2100000667,"BRK 100 CAL PINE DOUBLS",9.63,"Dairy"
2100000670,"BRK 100 CAL BLUE DOUBLS",9.63,"Dairy"
7148101600,"FR COTT CH",16.2,"Dairy"
7148102010,"FR LF PINE COTT CH",16.2,"Dairy"
7148102420,"FR LF COTT CH",16.2,"Dairy"
7148102792,"FR FIT-GO 4% COTT CH",8.78,"Dairy"
7148102794,"FR FIT-GO 1% COTT CH",8.78,"Dairy"
7148102796,"FR FIT-GO 1% PINE COTT",8.78,"Dairy"
7170059062,"AX CHUNK COTTAGE CH",13.51,"Dairy"
7170050162,"AX N F COTTAGE",13.51,"Dairy"
7170057602,"AX LF PINE COTT CH",13.51,"Dairy"
7170050262,"AX NF PINE COTTAGE",13.51,"Dairy"
7170059262,"AX WHIPPED COTTAGE",13.51,"Dairy"
7170051602,"AX LF COTT CH",13.51,"Dairy"
7170059462,"AX NO SALT COTTAGE",13.51,"Dairy"
2100030053,"BRK 2% LRG CURD COTT CH",25.53,"Dairy"
2100012281,"BRK LRG CURD COTT CH",25.53,"Dairy"
2100012283,"BRK S & C COTT CH",25.53,"Dairy"
2100030047,"BRK 2% SM CURD COTT CH",25.53,"Dairy"
2100012276,"BRK NF COTT CH",25.53,"Dairy"
7835412407,"CABOT REG COTTAGE CH",26.22,"Dairy"
7835413401,"CABOT NF COTTAGE CH",26.22,"Dairy"
7342051640,"DAISY 4% COTT CH",11.63,"Dairy"
7342051620,"DAISY 2% COTT CH",11.63,"Dairy"
7148101950,"FR COTT CH",20.8,"Dairy"
7148102300,"FR LF COTT CH",20.8,"Dairy"
7148102030,"FR LF PINE COTT CH",11.92,"Dairy"
7148101210,"FR 2% POT STY COTT CH",11.92,"Dairy"
7148101700,"FR COTT CH",11.92,"Dairy"
7148102500,"FR N SLT 1% COTT CH",11.92,"Dairy"
7148102400,"FR LF COTT CH",11.92,"Dairy"
7148102510,"FR LF WHIP COTT CH",11.92,"Dairy"
7148102550,"FR NF COTT CH",11.92,"Dairy"
7148102200,"FR NF PINE COTT CH",11.92,"Dairy"
4138309800,"LACTAID LF COTT CH",14.75,"Dairy"
7148101300,"FR POT CHEESE",48.16,"Dairy"
7148101300,"FR POT CHEESE",12.43,"Dairy"
7148100260,"FR COTTAGE CH",24.64,"Dairy"
7148101160,"FR FARMER CHEESE",40.48,"Dairy"
7148101000,"FR FARMER CH 4PK",3.29,"Dairy"
7148101000,"FR FARMER CH 9PK",3.2,"Dairy"
7148100005,"FR MIDGET FARMER",24.25,"Dairy"
7148100006,"FR NS MIDGET FARMER",24.25,"Dairy"
1707720116,"LIFEWAY FARMER CH",21.25,"Dairy"
1707720516,"LIFEWAY LIGHT FARMER CH",21.25,"Dairy"
8601200454,"ERIVAN ACIDOPHILS PLN YOG",22.16,"Dairy"
8601200227,"ERIVAN ACIDOPHLIS PLN YOG",13.54,"Dairy"
7170048082,"AXEL NF STRAW",4.71,"Dairy"
7170048182,"AXEL NF STRAW BAN",4.71,"Dairy"
7170047682,"AXEL NF BLACK-CHERRY",4.71,"Dairy"
7170047882,"AXEL NF PEACH",4.71,"Dairy"
7170047782,"AXEL NF BLUEBERRY",4.71,"Dairy"
7170047982,"AXEL NF RASPBERRY",4.71,"Dairy"
7170044882,"AXEL NF MIX BERRY",4.71,"Dairy"
7170044982,"AXEL NF LEMON",4.71,"Dairy"
7170048282,"AXEL NF VANILLA",4.71,"Dairy"
7170047482,"AXEL NF BAN CRM",4.71,"Dairy"
7170048382,"AXEL NF CHERRY VANILLA YOG",4.71,"Dairy"
3663200108,"DANN BLUE YOG FOB",5.38,"Dairy"
3663200111,"DANN CHERRY YOG FOB",5.38,"Dairy"
3663200102,"DANN COFFEE YOG",5.38,"Dairy"
3663201915,"DANN LEMON YOG FOB",5.38,"Dairy"
3663200101,"DANN VANILLA YOG",5.38,"Dairy"
3663200116,"DANN MIX BERRY YOG FOB",5.38,"Dairy"
3663200112,"DANN PEACH YOG FOB",5.38,"Dairy"
3663200180,"DANN NF PLAIN YOG",5.38,"Dairy"
3663200100,"DANN PLAIN YOG",5.38,"Dairy"
3663200107,"DANN RASP YOG FOB",5.38,"Dairy"
3663200104,"DANN STRAW YOG FOB",5.38,"Dairy"
3663200118,"DANN STRAW BAN YOG FOB",5.38,"Dairy"
3663200622,"DAN LT/FIT BLUE YOG",5.38,"Dairy"
3663200627,"DAN LT/FIT CHERY VAN YOG",5.38,"Dairy"
3663203639,"DAN LT/FIT KEY LIME ",5.38,"Dairy"
3663200620,"DAN LT/FIT PEACH YOG",5.38,"Dairy"
3663200624,"DAN LT/FIT RASP YOG",5.38,"Dairy"
3663200621,"DAN LT/FIT STR BAN YOG",5.38,"Dairy"
3663200625,"DAN LT/FIT STRAW YOG",5.38,"Dairy"
3663200660,"DAN LT/FIT VANILLA YOG",5.38,"Dairy"
3663203691,"DAN LT/FIT BANANA ",5.38,"Dairy"
3663203696,"DAN LT/FIT STR CHESE CAKE",5.38,"Dairy"
3663201824,"DAN FOB STR 4pk",9.28,"Dairy"
3663201825,"DAN FOB BLUE 4pk",9.28,"Dairy"
3663201826,"DAN FOB PEACH 4pk",9.28,"Dairy"
3663201827,"DAN COFFEE 4pk",9.28,"Dairy"
3663202720,"DAN LNF STR 4pk",9.28,"Dairy"
3663202721,"DAN LNF VAN 4pk",9.28,"Dairy"
3663202722,"DAN LNF PEACH 4pk",9.28,"Dairy"
3663202723,"DAN LNF BLUE 4pk",9.28,"Dairy"
3663202178,"DAN LNF RASP 4pk",9.28,"Dairy"
3663202755,"DAN LNF PINE COCNUT 4pk",9.28,"Dairy"
3663202180,"DAN LNF CHERY 4pk",9.28,"Dairy"
3663202181,"DAN LNF STR BAN 4pk",9.28,"Dairy"
3663202186,"DAN LNF COCNUT VAN 4pk",9.28,"Dairy"
3663202187,"DAN LNF RASP/BLUE 4pk",9.28,"Dairy"
5360000069,"LAYOG RICH CRMY STR",4.95,"Dairy"
5360000072,"LAYOG RICH CRMY PEACH",4.95,"Dairy"
5360000070,"LAYOG RICH CRMY VAN",4.95,"Dairy"
5360000073,"LAYOG RICH CRMY BAN",4.95,"Dairy"
5360000076,"LAYOG RICH CRMY POMEGRNTE BERY",4.95,"Dairy"
5360000077,"LAYOG RICH MARSCINO CHRY",4.95,"Dairy"
5360000078,"LAYOG RICH CRMY MANGO",4.95,"Dairy"
5360000098,"LAYOG RICH CRMY PASS FRUIT",4.95,"Dairy"
5360000062,"LAYOG LIGHT BANANA",4.95,"Dairy"
5360000052,"LAYOG LIGHT APPLE PIE",4.95,"Dairy"
5360000003,"LAYOG CHRY CHSCK",4.95,"Dairy"
5360000066,"LAYOG LIGHT PEACH",4.95,"Dairy"
5360000036,"LAYOG LAT PINA COLADA",4.95,"Dairy"
5360000026,"LAYOG LAT MANGO",4.95,"Dairy"
5360000027,"LAYOG LAT GUAVA",4.95,"Dairy"
5360000030,"LAYOG LAT BANANA",4.95,"Dairy"
5360000028,"LAYOG LAT PAPAYA",4.95,"Dairy"
5360000058,"LAYOG LIGHT BLUE",4.95,"Dairy"
5360000059,"LAYOG LIGHT CHERRY",4.95,"Dairy"
5360000055,"LAYOG LIGHT STRAW",4.95,"Dairy"
5360000056,"LAYOG LIGHT STRW BAN",4.95,"Dairy"
5360000091,"LAYOG CHERRY",4.95,"Dairy"
5360000051,"LAYOG STR",4.95,"Dairy"
5360000001,"LAYOG BLUEBERY",4.95,"Dairy"
5360000061,"LAYOG RASP",4.95,"Dairy"
5360000021,"LAYOG PEACH",4.95,"Dairy"
5360000081,"LAYOG STR BAN",4.95,"Dairy"
5360000009,"LAYOG MIX BERRY",4.95,"Dairy"
5360000007,"LAYOG PINA COLADA",4.95,"Dairy"
5360000008,"LAYOG FRUIT CUP",4.95,"Dairy"
5360000042,"LAYOG LAT STR KIWI",4.95,"Dairy"
5360000053,"LAYOG VAN",4.95,"Dairy"
5360000096,"LAYOG BLOOD ORANGE",4.95,"Dairy"
5360000067,"LAYOG LIGHT VAN",4.95,"Dairy"
5360000092,"LAYOG GUAVA MANGO",4.95,"Dairy"
5360000093,"LAYOG LEMON",4.95,"Dairy"
5360000094,"LAYOG POMEGRNTE BLUEBRY",4.95,"Dairy"
5360000095,"LAYOG CRAN APPLE",4.95,"Dairy"
5360000049,"LAYOG LT PROB COCNUT PINE",4.95,"Dairy"
5360000142,"LAYOG STR/STR FRUT CUP 4pk",5.18,"Dairy"
5360000143,"LAYOG STR BAN/BLUE 4pk",5.18,"Dairy"
5360000144,"LAYOG PEACH/PINA 4pk",5.18,"Dairy"
5360000149,"LAYOG LAT MANGO/GUAVA 4pk",5.18,"Dairy"
5360000177,"LA CHOC BAN w/CHOC CHIPS",7.38,"Dairy"
5360000178,"LA CHOC CHERY w/CHOC CHIPS",7.38,"Dairy"
5360000179,"LA CHOC MINT w/CHOC CHIPS",7.38,"Dairy"
5360000180,"LA CHOC MOCA w/CHOC CHIPS",7.38,"Dairy"
5360000181,"LA CHOC STRAW w/CHOC CHIPS",7.38,"Dairy"
5360000182,"LA CHOC VAN w/CHOC CHIPS",7.38,"Dairy"
5215970170,"SF PETITE CREME VAN",11.18,"Dairy"
5215970171,"SF PETITE CREME STR",11.18,"Dairy"
5215970172,"SF PETITE CREME BLUE",11.18,"Dairy"
5215970173,"SF PETITE CREME PEACH",11.18,"Dairy"
5215970194,"SF PETITE CREME PLAIN",11.18,"Dairy"
5215970216,"SF PETITE CREME CHERY",11.18,"Dairy"
5215970217,"SF PETITE CREME STR BAN",11.18,"Dairy"
5215900040,"STNYFLD FF FR VAN",9.54,"Dairy"
5215900041,"STNYFLD FF STR FOB",9.54,"Dairy"
5215900042,"STNYFLD LF PEACH",9.54,"Dairy"
5215900044,"STNYFLD FF BLUE FOB",9.54,"Dairy"
5215900050,"STNYFLD FF PLAIN",9.54,"Dairy"
5215900057,"STNYFLD FF CHOC ",9.54,"Dairy"
5215904002,"STNYFLD LF VAN",9.54,"Dairy"
5215904005,"STNYFLD LF RASP",9.54,"Dairy"
5215950070,"STNYFLD LF STR",9.54,"Dairy"
5215950071,"STNYFLD FF POM RASP FOB",9.54,"Dairy"
4667500084,"YOCRNCH STR W/OREO",9.11,"Dairy"
4667500080,"YOCRNCH COOKI N CREAM",9.11,"Dairy"
4667500010,"YOCRUNCH STRAW W/GRANOLA",9.11,"Dairy"
4667500020,"YOCRUNCH RASP w/GRANOLA",9.11,"Dairy"
4667500030,"YOCRUNCH STR BAN w/GRNOLA",9.11,"Dairy"
4667500088,"YCRNCH VAN w/COOL MINT OREO",9.11,"Dairy"
4667500083,"YOCRUNCH STR W/ M&M",9.11,"Dairy"
4667500076,"YOCRUNCH VAN W/REESE'S",9.11,"Dairy"
4667500079,"YOCRUNCH VAN W/ M&M ",9.11,"Dairy"
4667500096,"YCRNCH STR w/DOVE CHOC",9.11,"Dairy"
4667500077,"YOCRUNCH BLUE W/GRNOLA",9.11,"Dairy"
4667500082,"YOCRUNCH VAN W/BUTRFINGR",9.11,"Dairy"
4667500078,"YCRNCH VAN W/CHIPS AHOY",9.11,"Dairy"
4667500112,"YCRNCH VAN w/SNICKERS",9.11,"Dairy"
4667500113,"YCRNCH VAN w/TWIX ",9.11,"Dairy"
4667500093,"YCRNCH VAN w/SPRINKL",9.11,"Dairy"
4667500115,"YCRNCH BAN w/NILLA WAFER",9.11,"Dairy"
4667500094,"YCRNCH STR w/SPRINKL ",9.11,"Dairy"
4667501400,"YCRNCH VRTY VAN w/MM/OREO",4.47,"Dairy"
4667501401,"YCRNCH VRTY STR/RAS w/GRNOLA",4.47,"Dairy"
4667501331,"YCRNCH STR w/DOVE CHOC 4pk",15.77,"Dairy"
4667501335,"YCRNCH VAN w/SPRINKL 4pk",15.77,"Dairy"
4667501336,"YCRNCH STR w/SPRINKL 4pk",15.77,"Dairy"
4667501326,"YCRNCH VAN w/SNICKERS 4pk",15.77,"Dairy"
4667501327,"YCRUNCH VAN w/TWIX 4pk",15.77,"Dairy"
4667501341,"YCRNCH VAN w/CHOC CRNCH 4pk",15.77,"Dairy"
4667501370,"YOCRNCH FRUIT PARF STR 4pk",15.77,"Dairy"
4667501329,"YCRNCH BAN w/NILLA WAFER 4pk",15.77,"Dairy"
4667501350,"YCRNCH VAN OREO 4pk",15.77,"Dairy"
4667501351,"YCRNCH VAN W/M&M 4pk",15.77,"Dairy"
4667501352,"YCRNCH VAN W/REESE'S 4pk",15.77,"Dairy"
4667501355,"YCRNCH VAN W/CHIPS AHOY 4pk",15.77,"Dairy"
7047000300,"YOP ORIG STR YOG",7.24,"Dairy"
7047000301,"YOP ORIG RASP YOG",7.24,"Dairy"
7047000313,"YOP ORIG STR BAN YOG",7.24,"Dairy"
7047000650,"YOP LT STR YOG",7.24,"Dairy"
7047000654,"YOP LT STR BAN YOG",7.24,"Dairy"
7047000655,"YOP LT PEACH YOG",7.24,"Dairy"
7047000109,"YOP WHIP STR YOG",7.24,"Dairy"
7047000100,"YOP THICK & CRM STR YOG",7.24,"Dairy"
7047000310,"YOP ORIG MIX BERY YOG",7.24,"Dairy"
7047000112,"YOP THICK & CRM VAN YOG",7.24,"Dairy"
7047000115,"YOP THICK & CRM STR BAN YOG",7.24,"Dairy"
7047000303,"YOP ORIG CHERRY YOG",7.24,"Dairy"
7047000307,"YOP ORIG PEACH YOG",7.24,"Dairy"
7047000302,"YOP ORIG BLUE YOG",7.24,"Dairy"
7047000126,"YOP WHIP PEACH YOG",7.24,"Dairy"
7047028447,"YOP WHIP CHOC MOUSSE",7.24,"Dairy"
4274317010,"EL MEXICANO RICE PUDD",10.99,"Dairy"
4274312551,"EL MEXICANO STR DRINK ",10.99,"Dairy"
4274312554,"EL MEXICANO PINA COLADA DRINK",10.99,"Dairy"
4274312552,"EL MEXICANO GUAVA DRINK",10.99,"Dairy"
4274312553,"EL MEXICANO MANGO DRINK",10.99,"Dairy"
4274312249,"EL MEXICANO STR BAN DRINK",10.99,"Dairy"
4274312549,"EL MEXICANO PEACH DRINK",10.99,"Dairy"
4274312476,"EL MEXICANO PECAN w/CERAL",10.99,"Dairy"
4274312470,"EL MEXICANO STR W/CERAL",10.99,"Dairy"
4274312471,"EL MEXICANO STR BAN W/CERAL",10.99,"Dairy"
4274314108,"EL MEXICANO PEACH DRINK",18.47,"Dairy"
4274314106,"EL MEXICANO STR DRINK",18.47,"Dairy"
4274314102,"EL MEXICANO GUAVA DRINK",18.47,"Dairy"
4274314103,"EL MEXICANO MANGO DRINK",18.47,"Dairy"
4274314105,"EL MEXICANO PINA COLADA DRINK",18.47,"Dairy"
4274314107,"EL MEXICANO STR BAN DRINK",18.47,"Dairy"
8332201548,"ALPINA BON YURT COOKIE CRM",6.72,"Dairy"
8332209335,"ALPINA BON YURT MINI GEMS",6.72,"Dairy"
8332201546,"ALPINA BON YURT FRUT RINGS",6.72,"Dairy"
8332201545,"ALPINA BON YURT FRSTD FLAKS",6.72,"Dairy"
8332201547,"ALPINA BON YURT COCO RICE ",6.72,"Dairy"
2529300278,"SILK SOY STR YOG",13.25,"Dairy"
2529300279,"SILK SOY BLUE YOG",13.25,"Dairy"
2529300276,"SILK SOY PEACH MANGO YOG",13.25,"Dairy"
2529300280,"SILK SOY VAN YOG",13.25,"Dairy"
5215900608,"STNYFLD VAN O'SOY",9.54,"Dairy"
5215900603,"STNYFLD STR O'SOY",9.54,"Dairy"
5215900604,"STNYFLD BLUE O'SOY",9.54,"Dairy"
5215900605,"STNYFLD RASP O'SOY",9.54,"Dairy"
9470001001,"CHOBNI 0% PLAIN GRK YOG",12.2,"Dairy"
9470001002,"CHOBNI 0% VAN GRK YOG",12.2,"Dairy"
9470001004,"CHOBNI 0% STR GRK YOG",12.2,"Dairy"
9470001005,"CHOBNI 0% BLUE GRK YOG",12.2,"Dairy"
9470001006,"CHOBNI 0% PEACH GRK YOG",12.2,"Dairy"
9470001031,"CHOBNI 4% PLAIN GRK YOG",12.2,"Dairy"
9470001015,"CHOBNI 0% POMGNRTE GRK YOG",12.2,"Dairy"
9470001010,"CHOBNI 2% PINE GRK YOG",12.2,"Dairy"
9470001032,"CHOBNI 2% STR BAN GRK YOG",12.2,"Dairy"
9470001012,"CHOBNI 0% RASP GRK YOG",12.2,"Dairy"
9470001033,"CHOBNI 2% MANGO GRK YOG",12.2,"Dairy"
9470001011,"CHOBNI 2% PAS FRUIT GRK YOG",12.2,"Dairy"
9470001034,"CHOBNI 0% BLOOD ORG GRK YOG",12.2,"Dairy"
9470001009,"CHOBNI 0% LEMON GRK YOG",12.2,"Dairy"
9470001016,"CHOBNI 0% BLCKCHERY GRK YOG",12.2,"Dairy"
1829001258,"CHOBNI 2% APRICOT GRK YOG",12.2,"Dairy"
1829001259,"CHOBNI 0% BLCKBERY GRK YOG",12.2,"Dairy"
1829001271,"CHOBNI 2% KEY LIME GRK YOG",12.2,"Dairy"
1829001273,"CHOBNI 2% COCONUT GRK YOG",12.2,"Dairy"
1829001385,"CHOBANI GRAPE (SEASONL)",12.2,"Dairy"
1829001386,"CHOBANI GREEN TEA (SEASONL)",12.2,"Dairy"
1829001313,"CHOBNI 100 STRAW",12.2,"Dairy"
1829001314,"CHOBNI 100 BLUE",12.2,"Dairy"
1829001315,"CHOBNI 100 PEACH",12.2,"Dairy"
1829001316,"CHOBNI 100 VAN",12.2,"Dairy"
1829001318,"CHOBNI 100 BLCK CHERY",12.2,"Dairy"
1829001333,"CHOBNI 100 PINE",12.2,"Dairy"
1829001389,"CHOBNI 100 PINE COCNUT ",12.2,"Dairy"
1829001390,"CHOBNI 100 KEY LIME",12.2,"Dairy"
1829001391,"CHOBNI 2% OATS APLE CINN",14.12,"Dairy"
1829001392,"CHOBNI 2% OATS BAN MAPLE",14.12,"Dairy"
1829001393,"CHOBNI 2% OATS BLUE",14.12,"Dairy"
1829001394,"CHOBNI 2% OATS CRANBERY",14.12,"Dairy"
1829001360,"CHOBNI FLIP 2% HONEY",13.56,"Dairy"
1829001247,"CHBNI FLIP BLUE w/CHIA SEEDS",13.56,"Dairy"
1829001248,"CHBNI FLIP PCH w/PISTACH/CHOC",13.56,"Dairy"
1829001249,"CHOBNI FLIP PINE w/COCUNT",13.56,"Dairy"
1829001260,"CHOBNI FLIP BANANA w/ALMOND",13.56,"Dairy"
1829001229,"CHOBNI FLIP VAN GOLDN CRUNCH",13.56,"Dairy"
1829001349,"CHOBNI FLIP STR SUNRISE",13.56,"Dairy"
1829001227,"CHBONI FLIP KEY LIME CRUMBLE",13.56,"Dairy"
1829001228,"CHOBNI FLIP ALMOND COCNUT CHOC",13.56,"Dairy"
8954408003,"FAGE TOTAL 0% STR GOJI",13.29,"Dairy"
8954408013,"FAGE TOTAL 0% BLUE ACAI",13.29,"Dairy"
8954408023,"FAGE TOTAL 0% CHRY POMGRNTE",13.29,"Dairy"
8954408033,"FAGE TOTAL 0% MANGO ",13.29,"Dairy"
8954408125,"FAGE TOTAL 0% HONEY",13.29,"Dairy"
8954408143,"FAGE TOTAL 0% STRAW",13.29,"Dairy"
8954408153,"FAGE TOTAL 0% CHERRY ",13.29,"Dairy"
8954408193,"FAGE TOTAL 0% PEACH ",13.29,"Dairy"
8954408163,"FAGE TOTAL 0% BLUE",13.29,"Dairy"
8954408173,"FAGE TOTAL 0% RASP",13.29,"Dairy"
8954408180,"FAGE TOTAL 0% APPLE CIN",13.29,"Dairy"
8954408181,"FAGE TOTAL 0% ORANGE CINN",13.29,"Dairy"
8954408182,"FAGE TOTAL 0% PASS FRUIT",13.29,"Dairy"
8954408000,"FAGE TOTAL 0% FAT PLAIN",13.29,"Dairy"
8954408176,"FAGE TOTAL 2% KEY LIME",13.29,"Dairy"
8954408177,"FAGE TOTAL 2% MIX BERY",13.29,"Dairy"
8954408178,"FAGE TOTAL 2% BLOD ORNGE",13.29,"Dairy"
8954408020,"FAGE TOTAL 2% FAT PLAIN",13.29,"Dairy"
8954408130,"FAGE TOTAL 2% FAT HONEY",13.29,"Dairy"
8954408146,"FAGE TOTAL 2% FAT STR ",13.29,"Dairy"
8954408196,"FAGE TOTAL 2% FAT PEACH",13.29,"Dairy"
8954408156,"FAGE TOTAL 2% FAT CHERRY",13.29,"Dairy"
8954408166,"FAGE TOTAL 2% BLUE",13.29,"Dairy"
8954408060,"FAGE TOTAL WM PLAIN",13.29,"Dairy"
8954408120,"FAGE TOTAL WM HONEY",13.29,"Dairy"
8954408140,"FAGE TOTAL WM STR",13.29,"Dairy"
8954408190,"FAGE TOTAL WM PEACH",13.29,"Dairy"
8954408150,"FAGE TOTAL WM CHERRY",13.29,"Dairy"
8954408160,"FAGE TOTAL WM BLUE",13.29,"Dairy"
8954408201,"FAGE FRUO 0% VAN ",14.01,"Dairy"
8954408202,"FAGE FRUO 0% STRAW",14.01,"Dairy"
8954408203,"FAGE FRUO 0% CHERY",14.01,"Dairy"
8954408204,"FAGE FRUO 0% PEACH",14.01,"Dairy"
8954408205,"FAGE FRUO 0% BLUE",14.01,"Dairy"
8954408206,"FAGE FRUO 0% RASP",14.01,"Dairy"
8954408207,"FAGE FRUO 0% PINE",14.01,"Dairy"
8954408220,"FAGE FRUO CLASIC COCUNUT",14.01,"Dairy"
8954408221,"FAGE FRUO CLASIC COFFE",14.01,"Dairy"
8954408222,"FAGE FRUO CLASIC STR BAN",14.01,"Dairy"
8954408223,"FAGE FRUO CLASIC BLCKBRY LIME",14.01,"Dairy"
8954408224,"FAGE FRUO CLASIC LEMON",14.01,"Dairy"
3663202714,"DAN OIKOS 0% PLAIN GRK",8.52,"Dairy"
3663202715,"DAN OIKOS 0% STR GRK",8.52,"Dairy"
3663202716,"DAN OIKOS 0% BLUE GRK",8.52,"Dairy"
3663202717,"DAN OIKOS 0% VAN GRK",8.52,"Dairy"
3663202727,"DAN OIKOS COCONUT VAN",8.52,"Dairy"
3663202730,"DAN OIKOS 0% PEACH GREK",8.52,"Dairy"
3663203731,"DAN LNF GREEK STRAW ",8.52,"Dairy"
3663203732,"DAN LNF GREEK BLUE",8.52,"Dairy"
3663203733,"DAN LNF GREEK VAN ",8.52,"Dairy"
3663203736,"DAN LNF GREEK PEACH",8.52,"Dairy"
7835550050,"GREEK GOD POMGRANTE YOG",11.86,"Dairy"
7835551050,"GREEK GOD FIG YOG",11.86,"Dairy"
7835553000,"GREEK GOD HONEY YOG",11.86,"Dairy"
7835554000,"GREEK GOD NF PLAIN YOG",11.86,"Dairy"
7835554100,"GREEK GOD HONY/VAN/CINN/ORG",11.86,"Dairy"
4114881351,"LIBERTE MED COCONUT FOB",11.62,"Dairy"
4114881355,"LIBERTE MED FR VAN ",11.62,"Dairy"
4114881356,"LIBERTE MED STR FOB",11.62,"Dairy"
4114881354,"LIBERTE MED BLUE FOB ",11.62,"Dairy"
4114881365,"LIBERTE MED PCH & PASS FOB",11.62,"Dairy"
4114881352,"LIBERTE MED BLACKBERRY FOB",11.62,"Dairy"
4114848891,"LIBERTE MED CAPPUCINO",11.62,"Dairy"
4114848892,"LIBERTE MED CARMEL",11.62,"Dairy"
5215953100,"STNYFLD GREEK 0% PLAIN",11.53,"Dairy"
5215953101,"STNYFLD GREEK 0% VAN",11.53,"Dairy"
5215953103,"STNYFLD GREEK 0% BLUE FOB",11.53,"Dairy"
5215953106,"STNYFLD GREEK 0% STR FOB",11.53,"Dairy"
7047043332,"YOP GRK 100 STR",8.26,"Dairy"
7047043331,"YOP GRK 100 MIX BERRY",8.26,"Dairy"
7047043329,"YOP GRK 100 VAN",8.26,"Dairy"
7047043333,"YOP GRK 100 PEACH",8.26,"Dairy"
7047043579,"YOP GRK 100 BLACK CHERRY",8.26,"Dairy"
4667503111,"YOPA STR w/GRNOLA GRK",11.6,"Dairy"
4667503112,"YOPA BLUE w/GRNOLA GRK",11.6,"Dairy"
4667503115,"YOPA VAN w/ALMOND GRK",11.6,"Dairy"
4667503117,"YOPA RASP w/ALMOND GRK",11.6,"Dairy"
4667503124,"YOPA VAN w/M&M",11.6,"Dairy"
4667503125,"YOPA VAN w/DOVE CHOC",11.6,"Dairy"
4667501116,"YOPA VAN w/OREO",11.6,"Dairy"
4667503122,"YOPA LEMON w/SHORTBREAD ",11.6,"Dairy"
9470001045,"CHOBANI 2% VAN/CHOC CHNK",15.72,"Dairy"
9470001007,"CHOBANI NF PLAIN GRK YOG",15.72,"Dairy"
9470001026,"CHOBANI 0% STR 32oz",28.08,"Dairy"
9470001013,"CHOBANI 0% PLAIN 32oz",28.08,"Dairy"
9470001043,"CHOBNI 4% PLAIN GRK 32oz",28.08,"Dairy"
9470001014,"CHOBANI 0% VAN 32oz",28.08,"Dairy"
8954408200,"FAGE TOTAL WM PLAIN ",16.3,"Dairy"
8954400173,"FAGE TOTAL 0% FAT PLAIN",16.3,"Dairy"
8954408340,"FAGE TOTAL 2% FAT PLAIN",16.3,"Dairy"
8954408301,"FAGE TOTAL 0% kg",30.42,"Dairy"
8954408302,"FAGE TOTAL 2% kg",30.42,"Dairy"
8954408300,"FAGE TOTAL WM kg",30.42,"Dairy"
7835555000,"GREEK GOD TRAD PLAIN",17.39,"Dairy"
7835557000,"GREEK GOD HONEY",17.39,"Dairy"
7835557005,"GREEK GOD HONEY STR",17.39,"Dairy"
7835557008,"GREEK GOD HONEY BLUE",17.39,"Dairy"
7835557010,"GREEK GOD VAN HONEY",17.39,"Dairy"
7835558000,"GREEK GOD NF PLAIN ",17.39,"Dairy"
7835557017,"GREEK GOD HONEY SALTED CARML ",17.39,"Dairy"
7835557020,"GREEK GOD HONEY PEACH",17.39,"Dairy"
5215953200,"STNYFLD GREEK 0% PLAIN",22.16,"Dairy"
5215953201,"STNYFLD GREEK 0% VAN",22.16,"Dairy"
1829001362,"CHBNI INDUL BAN & CHOC 4pk",18.17,"Dairy"
1829001363,"CHBNI INDUL MINT & CHOC 4pk",18.17,"Dairy"
1829001364,"CHBNI INDUL RASP & CHOC 4pk",18.17,"Dairy"
1829001281,"CHOBNI 0% STR FOB 4pk",21.29,"Dairy"
1829001282,"CHOBNI 0% BLUE FOB 4pk",21.29,"Dairy"
1829001277,"CHOBNI 2% COCONUT 4pk",21.29,"Dairy"
1829001307,"CHBNI 100 STRAW 4pk",21.29,"Dairy"
1829001308,"CHBNI 100 BLUE 4pk",21.29,"Dairy"
1829001310,"CHBNI 100 VAN 4pk",21.29,"Dairy"
1829001312,"CHBNI 100 BLCK CHERY 4pk",21.29,"Dairy"
1829001288,"CHOBNI 0% STR/BLUE 8pk",11.81,"Dairy"
1829001289,"CHOBNI 0% BLKCHRY/BLKBRY 8pk",11.81,"Dairy"
5215953050,"STNYFLD GREK 0% PLAIN 4pk",22.16,"Dairy"
5215953051,"STNYFLD GREK 0% VAN 4pk",22.16,"Dairy"
8425326961,"ALMOND DREAM PLAIN YOG",13.66,"Dairy"
8425326962,"ALMOND DREAM VAN YOG",13.66,"Dairy"
8425326963,"ALMOND DREAM STRW YOG",13.66,"Dairy"
8425326964,"ALMOND DREAM MIX BERY YOG",13.66,"Dairy"
8425326965,"ALMOND DREAM COCONUT YOG",13.66,"Dairy"
8425326970,"ALMOND DREAM VAN 24oz",20.45,"Dairy"
8425326971,"ALMOND DREAM STR 24oz",20.45,"Dairy"
8425326972,"ALMOND DREAM MIX BERY 24oz",20.45,"Dairy"
3663203575,"ACTIVIA STR DRINK",7.96,"Dairy"
3663203598,"ACTIVIA STR BAN DRINK",7.96,"Dairy"
3663203603,"ACTIVIA PEACH DRINK",7.96,"Dairy"
3663203573,"ACTIVIA MANGO DRINK",7.96,"Dairy"
3663203574,"ACTIVIA PRUNE DRINK",7.96,"Dairy"
3663202851,"DAN ACTIVA CHRY/MIX BRY 12pk",20.08,"Dairy"
3663202853,"DAN ACTIVA STR/STR BAN 12pk",20.08,"Dairy"
3663202834,"DAN ACTIVA VAN 12pk",20.08,"Dairy"
3663202763,"DAN ACTIVA STR/BLUE 12pk",20.08,"Dairy"
3663203576,"DAN ACTIVIA PEACH/STR 12pk",20.08,"Dairy"
3663203581,"DAN ACTIVIA LT BLUE/STR 12pk",20.08,"Dairy"
3663202600,"DAN ACTIVA STR 4PK",9.44,"Dairy"
3663202601,"DAN ACTIVA VAN 4PK",9.44,"Dairy"
3663202602,"DAN ACTIVA BLUE 4PK",9.44,"Dairy"
3663202603,"DAN ACTIVA PRUNE 4PK",9.44,"Dairy"
3663202604,"DAN ACTIVA PEACH 4PK",9.44,"Dairy"
3663202607,"DAN ACTIVA MIX BRY 4PK",9.44,"Dairy"
3663202635,"DAN ACTIVA CHERRY 4PK",9.44,"Dairy"
3663202857,"DAN ACTIVA STR BAN",9.44,"Dairy"
3663202630,"DAN ACTIVA LIGHT STR 4PK",9.44,"Dairy"
3663202631,"DAN ACTIVA LIGHT VAN 4PK",9.44,"Dairy"
3663202633,"DAN ACTIVA LIGHT PEACH 4PK",9.44,"Dairy"
3663202639,"DAN ACTIVA LIGHT RASP 4PK",9.44,"Dairy"
3663202632,"DAN ACTIVIA KEY LIME",9.44,"Dairy"
3663203560,"DAN ACTIVA STR W/FIBR 4pk",9.44,"Dairy"
3663203563,"DAN ACTIVA PEACH W/FIBR 4pk",9.44,"Dairy"
3663203561,"DAN ACTIVA VAN W/FIBER 4pk",9.44,"Dairy"
3663203646,"DANIML DRINK STR STR/KIW 12pk",12.83,"Dairy"
3663202760,"DANIML DRINK STR/BAN 12pk",12.83,"Dairy"
3663202809,"DANIML DRNK STRW/CHERY 12PK",12.83,"Dairy"
3663200975,"DANIML DRINK WATRMLN/STR 12pk",12.83,"Dairy"
3663203640,"DANIML DRINK STR 6pk",12.06,"Dairy"
3663203641,"DANIML DRINK STR BAN 6pk",12.06,"Dairy"
3663203642,"DANIML DRINK STR KIWI 6pk ",12.06,"Dairy"
3663203643,"DANIML DRINK RASP 6pk",12.06,"Dairy"
3663202748,"DANIML DRNK CHERY 6PK",12.06,"Dairy"
1547301463,"FRUSION STR SMOTHIE",9.52,"Dairy"
1547301462,"FRUSION PEACH PASS SMOTHIE",9.52,"Dairy"
1547301461,"FRUSION BAN BERY SMOTHIE",9.52,"Dairy"
1547301464,"FRUSION WILD BERY SMOTHIE",9.52,"Dairy"
1547301440,"FRUSION GO-WILD STR SMOTH",12.59,"Dairy"
1547301441,"FRUSION GO-WILD BAN BERY SMOTH",12.59,"Dairy"
1547301442,"FRUSION GO WILD TROP SMOTH",12.59,"Dairy"
5215901300,"STNYFLD SMOOTH STR",17.34,"Dairy"
5215901302,"STNYFLD SMOOTH PEACH",17.34,"Dairy"
5215901307,"STNYFLD SMOOTH WILD BERY",17.34,"Dairy"
3663200468,"DAN LNF STR/RASP/BLUE 12pk ",17.37,"Dairy"
3663200418,"DAN LNF STR BAN/VAN/BLCK 12pk",17.37,"Dairy"
3663200976,"DANIML CRNCH STR/SPRINKL",14.48,"Dairy"
3663200978,"DANIML CRNCH VAN/CHOC PIECS",14.48,"Dairy"
3663200982,"DANIMAL STRAW 4pk",7.54,"Dairy"
3663200983,"DANIMAL STR BAN 4pk",7.54,"Dairy"
7047000571,"GO-GURT RASP/PARADISE",18.07,"Dairy"
7047000570,"GO-GURT STRW/BERY-BLUE",18.07,"Dairy"
7047000572,"GO-GURT ST-BAN/WATER",18.07,"Dairy"
7047000573,"GO-GURT ST KIWI/CHERRY",18.07,"Dairy"
7047000567,"GO-GURT BERRY/COT CANDY",18.07,"Dairy"
7047000564,"GO-GURT STR SHAKE/SPLIT",18.07,"Dairy"
7047046272,"GO-GURT STR/BERY ",18.07,"Dairy"
7047000596,"GO-GURT SCOOBY-DOO",18.07,"Dairy"
7047019801,"GO-GURT SPONGEBOB",18.07,"Dairy"
7047027739,"GO-GURT SIMPLY MIX BERY",18.07,"Dairy"
7047027756,"GO-GURT SIMPLY STR ",18.07,"Dairy"
7047045435,"GO-GURT TWIST STR MANGO",18.07,"Dairy"
7047045599,"GOGURT STR/BERY FAMLY PK",24.49,"Dairy"
7047019654,"GOGURT BLUE/CHERY FAMLY PK",24.49,"Dairy"
7047027759,"GOGURT STR WTRMLON/PNCH FAMLY PK",24.49,"Dairy"
7047040513,"GOGURT STR BAN/BLU RASP FMLY PK",24.49,"Dairy"
7047047804,"GOGURT STR/COTT CNDY FAMLY PK",24.49,"Dairy"
5215901330,"STNYFLD STR SMOTHIE 4pk",20.09,"Dairy"
5215901332,"STNYFLD BERRY SMOTHE 4pk",20.09,"Dairy"
5215901335,"STNYFLD STR BAN SMOTHIE 4pk",20.09,"Dairy"
7047044343,"TRIX COTTON CNDY 4pk",9.07,"Dairy"
7047044346,"TRIX STR PUNCH 4pk",9.07,"Dairy"
7047044341,"TRIX STR BAN 4pk",9.07,"Dairy"
5215900081,"YOKIDS SQUEZERS STR 8pk",23.07,"Dairy"
5215900083,"YOKIDS SQUEZERS CHRY/BERY 8pk",23.07,"Dairy"
5215970114,"YOBABY BAN MANGO 6pk",11.12,"Dairy"
5215970115,"YOBABY BLUE APPLE 6PK",11.12,"Dairy"
5215970116,"YOBABY PEACH PEAR 6PK",11.12,"Dairy"
5215970117,"YOBABY VAN 6PK",11.12,"Dairy"
5215970118,"YOBABY PLAIN 6PK",11.12,"Dairy"
5215970119,"YOTDLER STR BAN 6PK",11.12,"Dairy"
5215970120,"YOTDLER APLE SWET POTATO 6PK",11.12,"Dairy"
5215970121,"YOTDLER RASP PEAR 6PK",11.12,"Dairy"
5215970122,"YOTDLER BAN PUMPK 6PK",11.12,"Dairy"
5215909003,"YOKIDS STR/BAN STR 6pk",10.57,"Dairy"
5215909004,"YOKIDS BLUE/STR VAN 6pk",10.57,"Dairy"
5215901451,"YOBABY PEACH DRINK 4pk",20.09,"Dairy"
5215901450,"YOBABY BAN DRINK 4pk",20.09,"Dairy"
5215970082,"YOKIDS STR SMOTHIE 6pk",11.56,"Dairy"
5215970083,"YOKIDS VERY BERY SMOTHIE 6pk",11.56,"Dairy"
7047043948,"YOP KIDS VAN 4pk",9.24,"Dairy"
7047043947,"YOP KIDS STR BAN 4pk",9.24,"Dairy"
7047043946,"YOP KIDS STR 4pk (DORA)",9.24,"Dairy"
3663200974,"DANINO STRAW 12pk",19.05,"Dairy"
3663202725,"DANINO STR/STR BAN/VAN 12pk",19.05,"Dairy"
3663205590,"DANONINO STRAW 6pk",21.15,"Dairy"
3663205592,"DANONINO STR BAN/VAN 6pk",21.15,"Dairy"
7170035222,"AXEL NF PLAIN",12.23,"Dairy"
7170035002,"AXEL LF PLAIN",12.23,"Dairy"
7170044502,"AXEL VANILLA",12.23,"Dairy"
3663200202,"DAN PLAIN LF YOG",11.48,"Dairy"
3663200210,"DAN VAN YOG",11.48,"Dairy"
3663200251,"DAN PLAIN NF YOG",11.48,"Dairy"
3663200260,"DAN LT/FIT VAN YOG",11.48,"Dairy"
3663200282,"DAN PLAIN NATURAL YOG",11.48,"Dairy"
3663200262,"DAN LT/FIT STR YOG",11.48,"Dairy"
7150500824,"FR PLAIN YOG",0.96,"Dairy"
3090000822,"FR PLAIN YOG",12.31,"Dairy"
3090000823,"FR VAN YOG",12.31,"Dairy"
5360000011,"LAYOG LF PLAIN",16.57,"Dairy"
5360072930,"LAYOG LF VAN",16.57,"Dairy"
5360010107,"LAYOG NF PLAIN",16.57,"Dairy"
5360010131,"LAYOG NF VAN",16.57,"Dairy"
5360010235,"LAYOG W/M PLAIN YOG",16.57,"Dairy"
5360010132,"LAYOG RICH CRMY BAN",16.57,"Dairy"
5360010133,"LAYOG RICH CRMY MANGO",16.57,"Dairy"
2362759059,"SUPER A NF PLAIN YOG",14.96,"Dairy"
2362759057,"SUPER A LF PLAIN YOG",14.96,"Dairy"
5215950015,"STNYFLD LF BLUE",15.95,"Dairy"
5215900011,"STNYFLD LF BANILLA",15.95,"Dairy"
5215900002,"STNYFLD WM FR VAN",15.95,"Dairy"
5215900013,"STNYFLD LF STR",15.95,"Dairy"
5215900006,"STNYFLD FF PLAIN",15.95,"Dairy"
5215900007,"STNYFLD FF VAN",15.95,"Dairy"
5215900520,"STNYFLD LF FR VAN",15.95,"Dairy"
5215900001,"STNYFLD WM PLAIN",15.95,"Dairy"
5215905000,"STNYFLD LF PLAIN",15.95,"Dairy"
7060000201,"TUSCAN LF STR DRINK YOG",26.32,"Dairy"
7060000208,"TUSCAN LF STR BAN DRINK YOG",26.32,"Dairy"
1707766132,"KEFIR PERFCT SF KEY LIME",13.4,"Dairy"
1707766532,"KEFIR PERFCT SF APPLE PEAR",13.4,"Dairy"
1707766632,"KEFIR PERFECT SF ORANGE CREAM",13.4,"Dairy"
1707766732,"KEFIR PERFECT SF TRIPL BERY",13.4,"Dairy"
1707700132,"KEFIR LF ORGNIC PLAIN",16.8,"Dairy"
1707700232,"KEFIR LF ORGNIC STR ",16.8,"Dairy"
1707700332,"KEFIR LF ORGNIC RASP ",16.8,"Dairy"
1707700432,"KEFIR LF ORGNIC PEACH",16.8,"Dairy"
1707700732,"KEFIR LF ORGNIC BLUE ",16.8,"Dairy"
1707700532,"KEFIR LF ORGNIC POMGRNTE",16.8,"Dairy"
1707750132,"KEFIR FF PLAIN DRINK",26.6,"Dairy"
1707750232,"KEFIR FF STR DRINK",26.6,"Dairy"
1707750432,"KEFIR FF RASP DRINK",26.6,"Dairy"
1707710332,"KEFIR LF STR DRNK YOG",26.6,"Dairy"
1707710232,"KEFIR LF PLAIN DRNK YOG",26.6,"Dairy"
1707710132,"KEFIR WM PLAIN DRNK YOG",26.6,"Dairy"
1707712132,"KEFIR LF POMGRNTE DRNK YOG",26.6,"Dairy"
1707710732,"KEFIR LF STR BAN DRNK YOG",26.6,"Dairy"
1707710832,"KEFIR LF PEACH DRINK",26.6,"Dairy"
1707710932,"KEFIR LF BLUE DRNK YOG",26.6,"Dairy"
1707710432,"KEFIR LF RASP DRNK YOG",26.6,"Dairy"
1707703205,"PROBUGS ORGN ORANGE 4pk",21.38,"Dairy"
1707703305,"PROBUGS ORGN GOO BERY 4pk",21.38,"Dairy"
1707703405,"PROBUGS ORGN STR SPLIT 4pk",21.38,"Dairy"
1007498715,"LATTA 0% PLAIN KEFIR",11.7,"Dairy"
1007498721,"LATTA 2% PLAIN KEFIR",11.7,"Dairy"
1007498722,"LATTA WM PLAIN KEFIR",11.7,"Dairy"
1007498716,"LATTA 2% ACIDPHILS KEFIR",11.7,"Dairy"
1007498717,"LATTA 0% PEACH KEFIR",11.7,"Dairy"
1007498718,"LATTA 0% COFFEE KEFIR",11.7,"Dairy"
1007498720,"LATTA 0% BLUE KEFIR",11.7,"Dairy"
1007498754,"LATA ORGNC 0% PLN KEFIR",18.88,"Dairy"
1007498753,"LATA ORGNC 2% ACIDPHLIS",18.88,"Dairy"
1007498752,"LATA ORGNC 0% VAN KEFIR",18.88,"Dairy"
1007498751,"LATA ORGNC 0% PEACH KEFIR",18.88,"Dairy"
1007498747,"LATTA 0% PLAIN KEFIR",13.68,"Dairy"
1007498743,"LATTA 0% COFFEE KEFIR",13.68,"Dairy"
1007498745,"LATTA 0% PEACH KEFIR",13.68,"Dairy"
1007498746,"LATTA 2% ACIDPHILS KEFIR",13.68,"Dairy"
1007498736,"LATA ORGNC 0% PLN KEFIR",14.78,"Dairy"
1007498738,"LATA ORGNC 0% VAN KEFIR",14.78,"Dairy"
1007498739,"LATA ORGNC 0% PEACH KEFIR",14.78,"Dairy"
3114200088,"BELGIO MOZZ BALL",23.81,"Dairy"
3114200480,"BELGIO MOZZ PEARL ",26.81,"Dairy"
3114200069,"BELGIO MOZZ LOG PRE SL",33.01,"Dairy"
7177900116,"BIAZZO W/M MOZZ",47.02,"Dairy"
7348000038,"CAPIELO MOZZ BALL",34.06,"Dairy"
7348000033,"CAPIELO BRADED MOZZ ZESTY",43.02,"Dairy"
7348000034,"CAPIELO BRADED MOZZ TOMATO BAZIL",43.02,"Dairy"
6627301016,"FARM CRM W/M MOZZ ",22.95,"Dairy"
6627343059,"FARM CRM W/M MOZZ",36.96,"Dairy"
6627343060,"FARM CRM P/S MOZZ",36.96,"Dairy"
7104006470,"POLLYO W/M MOZZ 2LB",86.05,"Dairy"
7104006310,"POLLYO W/M MOZZ",51.45,"Dairy"
7104006330,"POLLYO P/S MOZZ",51.45,"Dairy"
7104006305,"POLLYO W/M MOZZ",32.4,"Dairy"
7104006325,"POLLYO P/S MOZZ",32.4,"Dairy"
2362759053,"SUP A W/M MOZZARELLA",41.45,"Dairy"
2362759055,"SUP A P/S MOZZARELLA",41.45,"Dairy"
2362759049,"SUP A W/M MOZZARELLA",23.94,"Dairy"
2362759051,"SUP A P/S MOZZARELLA",23.94,"Dairy"
7403000004,"SOR/GALBANI P/S MOZZ P4.49",36.15,"Dairy"
7403000003,"SOR/GALBANI W/M MOZZ P4.49",36.15,"Dairy"
3114200011,"BELGIO MASCARPONE CUP",24.19,"Dairy"
7177900132,"BIAZZO W/M RICOTTA",24.98,"Dairy"
6627301017,"FARM CRM W/M RICOTTA PP",21.23,"Dairy"
6627343065,"FARM CRM W/M RICOTTA",20.42,"Dairy"
7104002121,"POLLYO W/M RICOTTA",41.13,"Dairy"
7104002118,"POLLYO W/M RICOTTA",30.55,"Dairy"
7104002134,"POLLYO P/S RICOTTA",30.55,"Dairy"
7104002115,"POLLYO W/M RICOTTA",35.31,"Dairy"
7104002133,"POLLYO P/S RICOTTA",35.31,"Dairy"
2362759045,"SUP A W/M RICOTTA",21.75,"Dairy"
2362759047,"SUP A P/S RICOTTA",21.75,"Dairy"
2362759041,"SUP A W/M RICOTTA",22.57,"Dairy"
2362759043,"SUP A P/S RICOTTA",22.57,"Dairy"
7403020300,"SOR/GALBANI W/M RICOTA P5.99",23.37,"Dairy"
7403010285,"SOR/GALBANI P/S RICOTA P5.99",23.37,"Dairy"
7403010300,"SOR/GALBANI W/M RICOTTA P3.49",28.09,"Dairy"
7403010195,"SOR/GALBANI P/S RICOTTA P3.49",28.09,"Dairy"
2100001976,"KRAFT MOZZ CHED TWISTS",19.87,"Dairy"
2100000532,"KRAFT MILD CHED STICK",19.87,"Dairy"
2100000022,"KRAFT MOZZ STRING CH",20.37,"Dairy"
7104006504,"POLLYO FAMILY STRING CH",47.08,"Dairy"
7104000056,"POLLYO BLCK PEPER STRING",47.08,"Dairy"
7104006531,"POLLYO MOZZ/CHED TWIST",47.08,"Dairy"
7104000015,"POLLYO 2% TWIST STRING",47.08,"Dairy"
7104000060,"POLLYO 2% STRING UMS",47.08,"Dairy"
7104000058,"POLLYO JALAPENO STRING CH",47.08,"Dairy"
7104000059,"POLLYO TOMTO BASIL STRING CH",47.08,"Dairy"
2362759085,"SUPER A STRING CHEESE",28.34,"Dairy"
7403006610,"SOR/GALBANI STRING CH P4.99",40.91,"Dairy"
7403006628,"SOR/GALBANI RF STRING CH P4.99",40.91,"Dairy"
4236560635,"HORIZON MOZZ STICK",41.12,"Dairy"
9396611320,"ORGNIC VALEY CHNK SHRP CHED",49.4,"Dairy"
9396600214,"ORGNIC VALLY STRING MOZZ 6ct",42.32,"Dairy"
9396600216,"ORGNIC VALEY CO-JCK STRING 6ct",42.32,"Dairy"
5300000300,"BORD DELUXE SING (WIC)",37.04,"Dairy"
5300000240,"BORD AMER SING COL P2.99",26.7,"Dairy"
5300000930,"BORD KID BUILDER SING P2.99",26.7,"Dairy"
5300000429,"BORD CHEESE MELTS P2.99",26.7,"Dairy"
5300000248,"BORD AMER SING COL P3.99",35.01,"Dairy"
7103025050,"BORD SAND MATE PP.99",8.55,"Dairy"
6627366000,"FARM CRM SAND SLICE",34.41,"Dairy"
6627305383,"FARMS CRM AMER SING ",20.41,"Dairy"
6627307435,"FARM CRM AMER SING",26.79,"Dairy"
2100005123,"KR AMER SING COL P4.39",44.55,"Dairy"
2100060491,"KRAFT AMER TRAY PACK",69.63,"Dairy"
2100061526,"KRAFT AMER SING ",53.3,"Dairy"
2100061527,"KRAFT WHT AMER SING",53.3,"Dairy"
2100060464,"KRAFT AMER SING IW",41.66,"Dairy"
2100060465,"KRAFT WHT AMER SING",41.66,"Dairy"
2100060469,"KRAFT SWISS SINGLES",41.66,"Dairy"
2100005120,"KR AMER SING COL P3.29",31.38,"Dairy"
2100005121,"KR AMER SING WT P3.29",31.38,"Dairy"
2100060473,"KRAFT AMER SINGLES",30.68,"Dairy"
2362756001,"SUP A AMERICAN SINGLES",23.17,"Dairy"
2362756005,"SUP A AMERICAN SINGLES",31.85,"Dairy"
2362756020,"SUP A SAND SLICE",37.63,"Dairy"
2100061144,"VELVEETA SINGLES",41.66,"Dairy"
2100061146,"VELVEETA SINGLES",53.3,"Dairy"
2100060269,"KR DELUXE COL SL (WIC)",53.3,"Dairy"
2100060270,"KR DELUXE WHITE (WIC)",53.3,"Dairy"
2100061935,"KR DELUXE IW SING",53.3,"Dairy"
2100062566,"KR DELUXE 2% IW SING",53.3,"Dairy"
2100060260,"KR DELUXE AMER SL",47.21,"Dairy"
2100060251,"KR DELUXE AMER SL",35.44,"Dairy"
2100060256,"KR DELUXE OLD ENG SL",35.44,"Dairy"
2100002483,"KRAFT 2% AMER SING",41.66,"Dairy"
2100002489,"KRAFT NF AMER SING",40.06,"Dairy"
3377605155,"SMRT BEAT FF COL SLICES",27.6,"Dairy"
2100061690,"VELVEETA SPREAD",26.42,"Dairy"
2100061161,"VELVEETA SPREAD LOAF",96.26,"Dairy"
2100061689,"VELVEETA SPREAD",49.34,"Dairy"
2100001850,"KR DELI FRESH SWISS SL",34.39,"Dairy"
2100001857,"KR DELI FRESH SWISS THIN SL",34.39,"Dairy"
2100004908,"KR FRESH DELI MOZZ SL",34.39,"Dairy"
4610000123,"SARG PROVO SLICES",34.07,"Dairy"
4610000125,"SARG MOZZ SLICES",34.07,"Dairy"
4610000113,"SARG CHEDDAR SL",34.07,"Dairy"
4610000107,"SARG MUENSTER SL",34.07,"Dairy"
4263400006,"ALP LACE L F SWISS SL",24.9,"Dairy"
4263477101,"ALPINE LACE RF SWISS SL",32.49,"Dairy"
4263477104,"ALPINE LACE RF MUNSTER SL",32.49,"Dairy"
4263477105,"ALPINE LACE RF PROVL SL",32.49,"Dairy"
3114252375,"BELGIO PARMESAN CHNK",24.84,"Dairy"
3114253405,"BELGIO ASIAGO CHNK",24.84,"Dairy"
3114253491,"BELGIO FONTINA CHNK",24.84,"Dairy"
5300000151,"BORD MILD CHED CHNK P2.99",26.14,"Dairy"
5300000150,"BORD MED CHED CHNK P2.99",26.14,"Dairy"
5300000674,"BORD GOUDA CHUNK P2.99",26.14,"Dairy"
5300000152,"BORD SHRP CHED CHNK P2.99",26.14,"Dairy"
5300000042,"BORD EX SHRP CHED CHNK P2.99",26.14,"Dairy"
7835470771,"CABOT NEW YORK EX SHRP COL CHED",28.13,"Dairy"
7835470820,"CABOT SHARP YELLOW CHED ",28.13,"Dairy"
7835470821,"CABOT EX SHRP YELLOW CHEDR",28.13,"Dairy"
7835470759,"CABOT PEPPER JACK BAR",28.13,"Dairy"
7835470843,"CABOT SERIOUSLY SHRP WT CHDR",28.13,"Dairy"
7835485018,"CABOT SHRP WHITE CHEDR",28.13,"Dairy"
7835470318,"CABOT EX SHRP WHITE CHEDR",28.13,"Dairy"
7835470189,"CABOT 50% RF YELLOW CHEDR",28.13,"Dairy"
7835470218,"CABOT MONTRY JACK",28.13,"Dairy"
7835470727,"CABOT 75% RF WHITE CHEDR",28.13,"Dairy"
9194548080,"DUTCH FARM SHARP CHUNK",25.03,"Dairy"
9194558080,"DUTCH FARM EX SHARP CHUNK",25.03,"Dairy"
6627303886,"FARM CRM MILD CHED CHNK",16.12,"Dairy"
6627303900,"FARM CRM MED CHED CHUNK",16.12,"Dairy"
6627304000,"FARM CRM SHRP CHED CHUNK",17.35,"Dairy"
6627304458,"FARM CRM EX SHAP CHED CHUNK",17.35,"Dairy"
6627307977,"FARM CRM MUENSTER CHUNK",16.57,"Dairy"
6627300806,"FARM CRM M JACK CHUNK",16.12,"Dairy"
6627300610,"FARM CRM M JACK W PEP CHUNK",16.57,"Dairy"
2100000775,"KR EX SHP CHUNK P3.29",28.86,"Dairy"
2100000772,"KR SHARP CHUNK P3.29",28.86,"Dairy"
2100000774,"KR MILD CHUNK P3.29",28.86,"Dairy"
2100000194,"KRAFT MILD CHED CHNK",41,"Dairy"
2100000192,"KRAFT MED CHED CHNK",41,"Dairy"
2100000201,"KRAFT SHRP CHED CHNK",41,"Dairy"
2100000198,"KRAFT EX-SHRP CHED CHNK",41,"Dairy"
2362756081,"SUPER A M JACK CHUNK",16.88,"Dairy"
2362756079,"SUPER A M JACK W PEP",17.53,"Dairy"
2362756071,"SUPER A MILD CHED CHUNK",16.92,"Dairy"
2362756073,"SUPER A SHRP CHED CHUNK",21.91,"Dairy"
2362756075,"SUPER A EX SHRP CHED CHUNK",21.43,"Dairy"
2362756095,"SUPER A MUENSTER CHUNK",17.53,"Dairy"
7027729098,"ATHENO FETA RF CRUMBLE",24.78,"Dairy"
7027720310,"ATHENO BLUE CRUMBLED CH",30.38,"Dairy"
7027710518,"ATHENO FETA CHUNK",43.46,"Dairy"
7027729079,"ATHENO FETA BASIL TOM CHUNK",43.46,"Dairy"
7027729091,"ATHENO FETA GARL HERB CHUNK",43.46,"Dairy"
7027729094,"ATHENO RF FETA CHUNK",43.46,"Dairy"
7027710520,"ATHENO FETA CRUMBLE",24.82,"Dairy"
7027729083,"ATHENO FETA BASIL TOM CRUMBLE",24.82,"Dairy"
7790100651,"PRESIDENT FETA PLAIN",35.6,"Dairy"
7790100776,"PRESIDENT FAT FREE FETA",36.76,"Dairy"
2756802014,"TROPICAL LIGHT QUES BLANCO",19.82,"Dairy"
2756802007,"TROPICAL QUESO BLANCO",38.84,"Dairy"
2756802107,"TROPICAL QUESO DE FREIR",39.65,"Dairy"
2756802012,"TROPICAL LOW SALT QUESO BLNCO",19.82,"Dairy"
1659450017,"PORTALES CTIJA POWDR CHESE",37.08,"Dairy"
6627367000,"FARM CRM QUESO DE PAPA",15.67,"Dairy"
1570045042,"H BAR QUESO DE PAPA",24.08,"Dairy"
2362756069,"SUPER A QUESO DE PAPA",17.05,"Dairy"
2100000525,"C BARREL VERMONT SHRP WHT",42.32,"Dairy"
2100000900,"C BARREL SHARP STICK",42.32,"Dairy"
2100000901,"C BARREL SHRP STICK WHT",42.32,"Dairy"
2100000903,"C BARREL EX-SHRP STICK",42.32,"Dairy"
2100000904,"C BARREL EX-SHRP STICK WHT",42.32,"Dairy"
2100000522,"C BARREL 2% EX-SHRP CHNK",42.32,"Dairy"
2100000521,"C BARREL MARBLED SHARP",42.32,"Dairy"
2100000718,"C BARREL EX SHRP CRCK CUTS",42.32,"Dairy"
2100000719,"C BAREL SHRP WT CRACK CUTS",42.32,"Dairy"
2100000905,"C BARREL AGED RESERVE",42.32,"Dairy"
3114235902,"BELGIO SHRED PARM CUP",24.28,"Dairy"
3114235900,"BELGIO GRATED PARM CUP",24.28,"Dairy"
3114286445,"BELGIO CRUMB GORGONZLA CUP",24.28,"Dairy"
5300004897,"BORD SHRD CHED/JACK P2.99",26.14,"Dairy"
5300005297,"BORD SHRD MILD CHED P2.99",26.14,"Dairy"
5300005397,"BORD SHRD FIN SHRP CHED P2.99",26.14,"Dairy"
5300006894,"BORD SHRD MEX BLND P2.99",26.14,"Dairy"
5300007167,"BORD SHRD P/S MOZZ P2.99",26.14,"Dairy"
5300007196,"BORD SHRD W/M MOZZ P2.99",26.14,"Dairy"
5300006825,"BORD SHRD PEPP JCK P2.99",26.14,"Dairy"
5300006741,"BORD SHRD GOUDA P2.99",26.14,"Dairy"
5300005377,"BORD SHRP CHEDD P2.99",26.14,"Dairy"
5300004997,"BORD FINLY SHRD CHED P2.99",26.14,"Dairy"
5300006847,"BORD FINLY 6 CH ITAL P2.99",26.14,"Dairy"
5300007518,"BORD PARM FINE SHRD P2.99",26.14,"Dairy"
5300006900,"BORD SHRD TACO P2.99",26.14,"Dairy"
5300005275,"BORD SHRD QUES DE PAPA P2.99",26.14,"Dairy"
7835470392,"CABOT P/S MOZZ SHRED",28.13,"Dairy"
7835470394,"CABOT FANCY BLND SHRD",28.13,"Dairy"
7835470749,"CABOT SHRP SHRD CHED",28.13,"Dairy"
7835470436,"CABOT W/M MOZZ SHRED",28.13,"Dairy"
9194520888,"DUTCH FARM SHRD CHED ",24.9,"Dairy"
9194580888,"DUTCH FARM SHRD MEXICAN",24.9,"Dairy"
9194590888,"DUTCH FARM SHRD MOZZ",24.9,"Dairy"
3651420980,"GREAT LAKE SHRED MOZZ 2lb",38.19,"Dairy"
3651420920,"GREAT LAKE SHRED CHED 2lb",37.29,"Dairy"
2100005125,"KR FINE SHRD MEX 4 CH P3.29",28.86,"Dairy"
2100005127,"KR SHRD SHRP CHED P3.29",28.86,"Dairy"
2100005128,"KR SHRD MILD CHED P3.29",28.86,"Dairy"
2100005129,"KR SHRED MOZZ P3.29",28.86,"Dairy"
2100062505,"KRAFT SHRED MILD CHED",41,"Dairy"
2100062503,"KRAFT SHRED SHARP CHED",41,"Dairy"
2100063382,"KRAFT SHRED P/S MOZZA",41,"Dairy"
2100063235,"KRAFT SHRD COLBY M-J",41,"Dairy"
2100063873,"KRAFT SHRED TACO CH",41,"Dairy"
2100063866,"KRAFT MILD CHED TOPPING",41,"Dairy"
2100063867,"KRAFT MOZZA TOPPING",41,"Dairy"
2100063874,"KRAFT SHARP CHED TOPPING",41,"Dairy"
2100060708,"KRAFT 5 CH ITALIAN SHRD",41,"Dairy"
2100002461,"KR SHRD 2% MEX FOUR CH",41,"Dairy"
7104006308,"POLLYO W/M SHRED MOZZ",50.59,"Dairy"
7104006318,"POLLYO P/S SHRED MOZZ",33.72,"Dairy"
7104006379,"POLLYO W/M FIN SHRED MOZZ",33.72,"Dairy"
4610000029,"SARG SHARP CHEDD ",27.99,"Dairy"
4610000012,"SARG SHRED MOZZA",27.99,"Dairy"
4610000002,"SARG SHRED TACO",28.04,"Dairy"
4610000091,"SARG SHRD 6 ITAL CH",28.04,"Dairy"
6189400029,"TRAD SMOKE GOUDA SHRED PP.99",8.84,"Dairy"
2100061125,"VELVEETA SHREDDED",31.21,"Dairy"
7103025434,"BORD SHRED-MATE CHED PP1.29",11.85,"Dairy"
7103025634,"BORD SHRED-MATE PIZZA PP1.29",11.85,"Dairy"
7103025334,"BORD SHRD-MATE MEXICN P1.29",11.85,"Dairy"
9194530500,"BEST VALUE IMIT SHRD MOZZ",30.2,"Dairy"
9194530600,"BEST VALUE IMIT SHRD CHED",30.2,"Dairy"
6627302500,"FARM CRM SHRD IM CHED PP1.39",10.19,"Dairy"
6627302550,"FARM CRM SHRD IM MOZZ PP1.39",10.19,"Dairy"
2362756807,"SUPER A IMIT SHRED CHED",9.6,"Dairy"
2362756809,"SUPER A IMIT SHRED MOZZ",9.6,"Dairy"
9262400101,"ONEG P/S MOZZ CHUNK",33.11,"Dairy"
9262400102,"ONEG WT CHEDR CHUNK",33.11,"Dairy"
9262400104,"ONEG MUNSTER CHUNK",33.11,"Dairy"
9262400100,"ONEG GOUDA CHUNK",33.11,"Dairy"
9262400117,"ONEG COL CHED CHUNK",33.11,"Dairy"
9262400106,"ONEG SMOKED MOZZ",39.49,"Dairy"
9262400107,"ONEG SMOKED CHED",39.49,"Dairy"
9262400105,"ONEG SMOKED GOUDA",39.49,"Dairy"
9262400116,"ONEG SHRED MOZZ ",25.74,"Dairy"
9262400118,"ONEG SHRED CHED",25.74,"Dairy"
9262400124,"ONEG SHRED PIZZA ",25.74,"Dairy"
9262400143,"ONEG SHRED PREM PIZZA ",25.74,"Dairy"
9262400134,"ONEG CHED SLICES",25.54,"Dairy"
9262400135,"ONEG GOUDA SLICES",25.54,"Dairy"
9262400128,"ONEG MOZZ SLICES",25.54,"Dairy"
9262400127,"ONEG MUENSTER SLICES",25.54,"Dairy"
9262400129,"ONEG SMOKED MOZZ SLICES",25.54,"Dairy"
9262400132,"ONEG SMOKED GOUDA SLICES",25.54,"Dairy"
9262400133,"ONEG SMOKED CHED SLICES",25.54,"Dairy"
9262400125,"ONEG SHRED MOZZ 2lb",45.7,"Dairy"
9262400136,"ONEG SHRED PIZZA 2LB",45.7,"Dairy"
9262400184,"SCHTARK SHRED MOZZ",27.05,"Dairy"
9262400125,"SCHTARK SHRED PIZZA ",27.05,"Dairy"
9262400116,"SCHTARK SHRD CHED",27.05,"Dairy"
9262400182,"SCHTARK SHRED MUNSTER",27.05,"Dairy"
9262400183,"SCHTARK SHRED PREM PIZA BLND",27.05,"Dairy"
9262400187,"SCHTRK SHRD MOZZ 2lb",54.66,"Dairy"
9262400188,"SCHTARK SHRD CHED 2lb",54.66,"Dairy"
9262400189,"SCHTARK SHRD BLND PIZZ 2lb",54.66,"Dairy"
9262400190,"SCHTARK SHRD MOZZ BULK 5LB",82.88,"Dairy"
9262400162,"SCHTRK PIZZ GOLD 500 BULK",82.88,"Dairy"
9262400191,"SCHTRK SHRED CHED BULK",82.88,"Dairy"
,"SCHTRK SOMK MOZZ BULK",5.59,"Dairy"
,"SCHTRK SMOK MUNSTR BULK",5.59,"Dairy"
,"SCHTRK SMOK GUDA BULK",5.59,"Dairy"
,"SCHTARK SMOK AMERICAN BULK",5.59,"Dairy"
,"SCHTRK MUNSTR w/OLIVS BULK",4.99,"Dairy"
,"SCHTRK 3 CHEESE BULK",4.99,"Dairy"
,"SCHTRK HOT PEPPER BULK",4.99,"Dairy"
,"SCHTARK COL AMER BULK",4.33,"Dairy"
9262400164,"SCHTARK HOT PEPER SL",26.88,"Dairy"
9262400171,"SCHTARK MUNSTR W/OLIVE SL",26.88,"Dairy"
9262400193,"SCHTARK MOZZ SL",26.88,"Dairy"
9262400196,"SCHTARK MUNSTR SL",26.88,"Dairy"
9262400194,"SCHTARK COL CHED SL",26.88,"Dairy"
9262400175,"SCHTARK 3 CHEESE SL",26.88,"Dairy"
9262400161,"SCHTARK WHITE MUNSTER SL",26.88,"Dairy"
9262400197,"SCHTARK SMOKED MOZZ SL",31.36,"Dairy"
9262400172,"SCHTARK SMOKE MUNSTR SL",31.36,"Dairy"
9262400173,"SCHTARK SMOKE GOUDA SL",31.36,"Dairy"
9262400181,"SCHTARK SMOKE AMER SL",31.36,"Dairy"
9262400176,"SCHTARK MOZZ BARS",38.02,"Dairy"
9262400177,"SCHTARK MUNSTR BARS",38.02,"Dairy"
9262400178,"SCHTARK COL CHED BARS",38.02,"Dairy"
9262400171,"SCHTARK MUNSTR W/OLIV BARS",38.02,"Dairy"
9262400163,"SCHTRK HOT PEPPER BARS",38.02,"Dairy"
9262400175,"SCHTRK 3 CHEESE BARS",38.02,"Dairy"
9262400179,"SCHTRK SMOK MOZZ BARS",44.64,"Dairy"
9262400170,"SCHTRK SMOK MUNSTR BARS",44.64,"Dairy"
9262400180,"SCHTRK SMOK CHED BARS",44.64,"Dairy"
9262400169,"SCHTRK SMOK GOUDA BARS",44.64,"Dairy"
9262400167,"SCHTRK SMOK AMERICN BARS",44.64,"Dairy"
7881231400,"MILLER COL AMER SLICES",26.68,"Dairy"
7881231500,"MILLER WHT AMER SLICES",26.68,"Dairy"
7881232700,"MILLER HAVARTI SLICES",34.22,"Dairy"
7881200725,"MILLER COL AMER SLICES",38.74,"Dairy"
7881209725,"MILLER WHT AMER SLICES",38.74,"Dairy"
7881200735,"MILLER MUENSTER SLICES",30.16,"Dairy"
7881200745,"MILLER SWISS SLICES",44.66,"Dairy"
7881232150,"MILLER MOZZARELLA SLICE",28.3,"Dairy"
7881200755,"MILLER SMOKED SLICES",30.62,"Dairy"
7881200765,"MILLER EDAM SLICES",31.9,"Dairy"
,"MILLER WHT 108 SL AMER",4.06,"Dairy"
4175705920,"MINI BABY (RED) 10ct",40.23,"Dairy"
4175700180,"MINI BABY LT (BLUE) 10ct",40.23,"Dairy"
4175768028,"MINI BABY MOZZ (GREN) 10ct",40.23,"Dairy"
4175701836,"MINI BABY WHITE CHED",27.55,"Dairy"
4175701837,"MINI BABY SHRP ORIG (PURPLE)",27.55,"Dairy"
4175700109,"MINI BABY ORIG (RED)",27.55,"Dairy"
4175700119,"MINI BABY CHED (ORNGE)",27.55,"Dairy"
4175700111,"MINI BABY LIGHT (BLUE)",27.55,"Dairy"
4175700219,"MINI BABY GOUDA (MAROON)",27.55,"Dairy"
4175701527,"LC LT ORIG WEDGES 16ct",51.34,"Dairy"
4175701101,"L C WEDGES",28.56,"Dairy"
4175701106,"L C LIGHT WEDGES",28.56,"Dairy"
4175701420,"L C LIGHT FR ONION WEDGES",28.56,"Dairy"
4175701421,"L C LIGHT GAR/HERB WEDGES",28.56,"Dairy"
4175705413,"LC LIGHT MOZZ/TOM WEDGES",28.56,"Dairy"
4175705414,"LC LIGHT QUESO FRESCO WEDGES",28.56,"Dairy"
4175701879,"LC ORIG/LIGHT WEDGS SHIPP",101.32,"Dairy"
5386288008,"CASTLE GRATED PARM P1.99",16.13,"Dairy"
5386298008,"CASTLE GRATED ROMANO P1.99",16.13,"Dairy"
2100061542,"KR GRATED PARM CAN",47.73,"Dairy"
2100005122,"KR GRATED PARM SHIP P3.99",220,"Dairy"
4010075124,"FLEISH DRY YEAST",23.5,"Dairy"
1792900005,"RED STAR COMBO SHIP DRY YEAST",166,"Dairy"
1792900313,"RED STAR FRESH YEAST",17.09,"Dairy"
2100062679,"KRAFT CHEEZ WHIZ SHIPPER",78.19,"Dairy"
1800052170,"PILL CNTRY BISC 4pk",12.1,"Dairy"
1800052180,"PILL B M BISC 4pk ",12.1,"Dairy"
1800052190,"PILL FLAKY LAYR BISC 4pk",12.1,"Dairy"
1800000111,"PILL GL HOMESTYLE BM BISC",9.63,"Dairy"
1800000104,"PILL GL FLAKY BISC",9.63,"Dairy"
1800000115,"PILL GL HONEY BUTR BISC",9.63,"Dairy"
1800000105,"PILL GL BM BISC",9.63,"Dairy"
1800000107,"PILL GL BUTR TASTIN BISC",9.63,"Dairy"
1800000094,"PILL DINNER ROLL",23.89,"Dairy"
1800000501,"PILL CINN ROLL",23.89,"Dairy"
1800000512,"PILL CINN ROLL W/CRM CHESE",23.89,"Dairy"
1800086050,"PILL APPLE TURNOVER",27.42,"Dairy"
1800000196,"PILL CRESCENT GARLIC BUTT",23.89,"Dairy"
1800000420,"PILL L F CRESCENT ROLL",23.89,"Dairy"
1800000401,"PILL CRESCENT ROLL-8ct",23.89,"Dairy"
1800000235,"PILL CRESCENT BIG N FLKY",27.28,"Dairy"
1800000236,"PILL CRESCNT BIG & BUTT",27.28,"Dairy"
1800028794,"PILL PIE CRUST",30.78,"Dairy"
1800000338,"PILL PIZZA CRUST",23.89,"Dairy"
1800000175,"PILL GRND WHEAT BISC",19.67,"Dairy"
1800000212,"PILL GRND RF FLKY BISC",19.67,"Dairy"
1800000184,"PILL GRND L F BISC",19.67,"Dairy"
1800000186,"PILL GRND HOMES BISC",19.67,"Dairy"
1800000918,"PILL GRND FLKY HONEY BUTR",19.67,"Dairy"
1800000185,"PILL GRND SOUTH BISC",19.67,"Dairy"
1800000183,"PILL GRND B T BISC",19.67,"Dairy"
1800000260,"PILL GRND FLKY BISC",19.67,"Dairy"
1800000182,"PILL GRND B M BISC",19.67,"Dairy"
1800000210,"PILL GRND FLKY BM BISC",19.67,"Dairy"
1800000211,"PILL GRND FLKY BT BISC",19.67,"Dairy"
1800000159,"PILL GRND CINN ROLL",35.64,"Dairy"
1800000187,"PILL GRND B M BISC",9.69,"Dairy"
1800000188,"PILL GRND B T BISC",9.69,"Dairy"
1800000261,"PILL GRND FLKY BISC",9.69,"Dairy"
5000062231,"NEST CHOC CHIP BAR",29,"Dairy"
5000062235,"NEST CHOC CHIP CHUNK",29,"Dairy"
5000062242,"NEST MINI CHOC CHIP BAR",29,"Dairy"
5000062239,"NEST CHOC CHIP CHUB",29,"Dairy"
1800042841,"PILL CHOC CHIP COOKIE",39.47,"Dairy"
1800000724,"PILL SUGAR COOKIE",28.97,"Dairy"
1800000731,"PILL CHOC CHIP COOKIE",28.97,"Dairy"
1800081773,"PILL RTB BIG CHOC CHIP CK",30.03,"Dairy"
1800081778,"PILL RTB CHOC CHIP CK",30.03,"Dairy"
1800081772,"PILL RTB SUGAR CK",30.03,"Dairy"
1800081781,"PILL RTB CHOC CHIP CHUNK CK",30.03,"Dairy"
1800043701,"PIL GLUTEN FREE COKIE DOUG",20.86,"Dairy"
3545777017,"MAMA MARYS 12"" WHOLE WHEAT",44.03,"Dairy"
3545777608,"MA MARYS 7"" THIN GLUTEN FREE",21.8,"Dairy"
3545777015,"MAMA MARYS 7"" THIN & CRISPY",29.42,"Dairy"
3545777003,"MAMA MARYS PIZZA CRST 7""",29.42,"Dairy"
3545777008,"MAMA MARYS 12"" THIN & CRISPY",40.04,"Dairy"
3545777001,"MAMA MARYS 12"" PIZA CRUST",40.04,"Dairy"
3530570111,"MAYAN FLOUR BURITO 10ct",19.75,"Dairy"
3530570181,"MAYAN FLOUR SOFT TACO 8ct",16.5,"Dairy"
3530570142,"MAYAN FLOUR FAJITA 10ct",14.98,"Dairy"
1697200110,"MEX HONEY WHOLE WHEAT",17.57,"Dairy"
1697200104,"MEX FLOUR TORT TACO 10ct",8.8,"Dairy"
1697200107,"MEX FLOUR TORT FAJITA 10ct",17.11,"Dairy"
1697200109,"MEX FLOUR TORT 8ct",17.56,"Dairy"
8006200273,"PEPITO CORN TORT 70ct",17.74,"Dairy"
8006200328,"PEPITO CORN TORT 24ct",17.4,"Dairy"
8006200721,"PEPITO 6"" FLOUR TORT 16ct",24.74,"Dairy"
8006200511,"PEPITO 6"" FLOUR TORT 8ct",16.04,"Dairy"
8006200621,"PEPITO 9"" FLOUR TORT 8ct",24.74,"Dairy"
8006200916,"PEPITO 8"" FLOUR TORT 8ct",19.99,"Dairy"
8006201016,"PEPITO 8"" WHOLE WHEAT TORT 8ct",19.31,"Dairy"
2484201151,"BUIT CUT ANGEL HAIR",8.57,"Dairy"
2484201121,"BUIT CUT FETTUCCINE",8.57,"Dairy"
2484201131,"BUIT CUT LINGUINE ",8.57,"Dairy"
2484217241,"BUIT LT 4 CHESE RAVIOLI",16.7,"Dairy"
2484211221,"BUIT SPINCH CHS TORTELINI",16.7,"Dairy"
2484211211,"BUIT 3 CHESE TORTELINI ",16.7,"Dairy"
2484217211,"BUIT 4 CHESE RAVIOLI",16.7,"Dairy"
2484214111,"BUIT CHESE GRLC TORTELINI",16.7,"Dairy"
2484275153,"BUIT 3 CHESE RAVIOLI",16.7,"Dairy"
2484230505,"BUIT W WHEAT 3 CHZ TORTELINI",16.7,"Dairy"
2484218211,"BUIT FAM SZ 3 CHZ TORTELINI",27.65,"Dairy"
2484219211,"BUIT FAM SZ 4 CHZ RAVIOLI ",27.65,"Dairy"
2484207650,"BUIT MIX CHZ TORTELINI",27.65,"Dairy"
2484275147,"BUIT RISERV MUSH AGNL",18.78,"Dairy"
2484242312,"BUIT RISRV BTRN SQUASH AGNL",18.78,"Dairy"
7744800025,"RANA GNOCCH DI PASTA",12.3,"Dairy"
7744800150,"RANA TORTLINI CHESE",19.07,"Dairy"
7744800153,"RANA RAVIOLI CHESE FORTE",19.07,"Dairy"
7744800154,"RANA RAVIOLI MUSHROOM",19.07,"Dairy"
7744800156,"RANA RAVIOLI SPINCI RICTA",19.07,"Dairy"
7744800160,"RANA RAVIOLI ARTICHOKE",19.07,"Dairy"
7744800012,"RANA TAGLIATELE",10.26,"Dairy"
7744800014,"RANA FETUCINE PAGILA",10.26,"Dairy"
2484232221,"BUIT ALFREDO SAUCE",16.7,"Dairy"
2484231121,"BUIT MARINARA SAUCE ",16.7,"Dairy"
2484232111,"BUIT PESTO W/BASIL SAUCE",18.78,"Dairy"
7744800162,"RANA PESTO SAUCE",19.08,"Dairy"
7744800164,"RANA ALFREDO SAUCE",19.08,"Dairy"
7744800167,"RANA MARINARA SAUCE",19.08,"Dairy"
4300004576,"JELLO RASP GEL",12.21,"Dairy"
4300004573,"JELLO ORANGE GEL",12.21,"Dairy"
4300004570,"JELLO BERRY BLUE GEL",12.21,"Dairy"
4300004574,"JELLO STR GEL",12.21,"Dairy"
4300004567,"JELLO SF CHERY POMGRNTE ",12.21,"Dairy"
4300004568,"JELLO SF STR GEL",12.21,"Dairy"
4300004569,"JELLO SF STR KIWI ",12.21,"Dairy"
4300004612,"JELLO SF RASP GEL",12.21,"Dairy"
4300004607,"JELLO SF BLCKCHERY",12.21,"Dairy"
4300004608,"JELLO SF LEMON LIME",12.21,"Dairy"
4300004609,"JELLO SF ORANGE GEL",12.21,"Dairy"
4300004610,"JELLO SF CHERY GEL",12.21,"Dairy"
4427603925,"LOUISA'S CREME PARFAIT",8.07,"Dairy"
4427603935,"LOUISA'S TRIPL TREAT",8.07,"Dairy"
4427609025,"LOUISA'S 3 LAYR TRIPL TREAT",6.59,"Dairy"
3345612011,"RAYMUNDO'S ASORT GEL",9.1,"Dairy"
3345611318,"RAYMUNDO'S CREME PARF 6pk",12.18,"Dairy"
3345611422,"RAYMUNDO'S FRUT-N-GEL 6pk",12.18,"Dairy"
3345611313,"RAYMUNDO'S 3 LAYER GEL 6pk",7.63,"Dairy"
3345605008,"RAYMUNDO'S CARML FLAN 6pk",17.34,"Dairy"
3345605006,"RAYMUNDO'S RICE PUD 6pk",12.76,"Dairy"
3345611211,"RAYMUNDO'S ASORT GEL 12pk",9.6,"Dairy"
3345611314,"RAYMUNDO'S SUGR FR ASORT GEL",9.6,"Dairy"
9518899923,"TAMPICO GELATIN TRAY PK",10.73,"Dairy"
4300004218,"JELLO FF CHOC",9.7,"Dairy"
4300004217,"JELLO FF CHOC SWIRL",9.7,"Dairy"
4300004200,"JELLO SF VAN PUDD",9.7,"Dairy"
4300004208,"JELLO SF CHOC PUD",9.7,"Dairy"
4300004202,"JELLO SF CHOC VAN SWIRL PUD",9.7,"Dairy"
4300004209,"JELLO CHOC PUDD",9.7,"Dairy"
4300004211,"JELLO CHOC VAN SWIRL",9.7,"Dairy"
4300004197,"JELLO SF DOUBLE CHOC",9.7,"Dairy"
4300004421,"JELLO VANILLA",9.7,"Dairy"
4300004419,"JELLO OREO PUDD",9.7,"Dairy"
4300004213,"JELLO TAPIOCA",9.7,"Dairy"
4300004205,"JELLO SF BOSTN CRM PIE",9.7,"Dairy"
4300004422,"JELLO STR CHEESECAKE",9.7,"Dairy"
4300004203,"JELLO SF DARK CHOC PUD",9.7,"Dairy"
4300004204,"JELLO SF DULCE DE LECHE PUD",9.7,"Dairy"
4300004224,"JELLO SF RICE PUD",9.7,"Dairy"
4300004220,"JELLO SF CHOC MOUSSE",9.7,"Dairy"
4300004221,"JELLO SF MOUSSE DARK CHOC",9.7,"Dairy"
7349153000,"K SHACK TAP PUDD",33.06,"Dairy"
7349151000,"K SHACK RICE PUDD",33.06,"Dairy"
7349152000,"K SHACK CHOC PUDD",33.06,"Dairy"
7349100100,"K SHACK RICE PUDD",13.58,"Dairy"
7349102000,"K SHACK FLAN",17.01,"Dairy"
7349151100,"K SHACK FRENCH VAN",16.53,"Dairy"
7349158000,"K SHACK CINN RAISIN RICE",16.53,"Dairy"
7349109200,"K SHACK SF CHOC 4pk",29.5,"Dairy"
7349109300,"K SHACK SF TAP 4pk",29.5,"Dairy"
7349109500,"K SHACK SF RICE 4pk",29.5,"Dairy"
7349120100,"K SHACK RICE PUD 6pk",18.84,"Dairy"
7349120300,"K SHACK CHOC PUD 6pk",18.84,"Dairy"
7349120200,"K SHACK TAP PUD 6pk",18.84,"Dairy"
7349110100,"K SHACK RICE PUDD",7.32,"Dairy"
1570005759,"SW MISS VAN PUDDING 6pk",15.5,"Dairy"
1570005760,"SW MISS CHOC PUDDING 6pk",15.5,"Dairy"
1570005757,"SW MISS TAPIOCA PUDD 6pk",15.5,"Dairy"
1570005758,"SW MISS BUTTERSCOTCH PUDD 6pk",15.5,"Dairy"
1570005768,"SW MISS CHOC/VAN SWIRL 6pk",15.5,"Dairy"
1570005784,"SW MISS TRIPLE CHOC PUDD 6pk",15.5,"Dairy"
1570005687,"SW MISS BANANA CRM PIE 6pk",15.5,"Dairy"
1570005898,"SW MISS SF CHOC 6pk",15.5,"Dairy"
1570005899,"SW MISS SF VAN PUDD 6pk",15.5,"Dairy"
8907646448,"SAY CHEESE DIET MARBLE CK",28.29,"Dairy"
8907646458,"SAY CHEESE DIET CAPPUCINO",28.29,"Dairy"
8907646438,"SAY CHEESE DIET CHOC ",28.29,"Dairy"
8907623017,"SAY CHEESE REG MARBLE CK",28.29,"Dairy"
7835482845,"CABOT WHIP CREAM TOPP",22.36,"Dairy"
4090050228,"DAIRY FRESH WHIP TOPPING",15.66,"Dairy"
3450063165,"LOL SUGAR FREE TOPPING",44.87,"Dairy"
7027223202,"REDDI WIP TOPPING",22.29,"Dairy"
7027223203,"REDDI WIP EX CRMY TOPPING",22.29,"Dairy"
7027248106,"REDDI WIP CHOC TOPPING",22.29,"Dairy"
7027223205,"REDDI WIP NF TOPPING",22.29,"Dairy"
7027223204,"REDDI WIP TOPPING",42.85,"Dairy"
7027223208,"REDDI WIP EX CRMY TOPPING",42.85,"Dairy"
7501325040,"KRINOS TARMOSLATA CAVIAR SPRD",28.98,"Dairy"
7501328900,"KRINOS TARMOSLATA CAVIAR SPRD",34.27,"Dairy"
2263570022,"VITA NAT NOVA SALMON",49.93,"Dairy"
2263570038,"VITA ATLANTIC NOVA SALM",60.33,"Dairy"
2263541741,"VITA CREAM HERRING",38.37,"Dairy"
2263540011,"VITA PARTY HERRING",38.37,"Dairy"
2263540980,"VITA HOMESTYL HERRING",38.37,"Dairy"
2263540015,"VITA CREAM HERRING",32.83,"Dairy"
2263540002,"VITA PARTY HERRING",32.83,"Dairy"
2263540016,"VITA CREAM HERRING",45.14,"Dairy"
2263540003,"VITA PARTY HERRING",45.14,"Dairy"
4082202307,"SABRA BABGANUSH",42.32,"Dairy"
4082234167,"SABRA BRUSCHETTA",11.31,"Dairy"
4082299020,"SABRA VEGIE ONION HERB DIP",12.27,"Dairy"
4082234118,"SABRA VEGIE VEGIE CUCUMBER DIP",12.27,"Dairy"
4082234224,"SABRA TZATZKI DIP",12.27,"Dairy"
4082209944,"SABRA RED HOT PEPER MIX",28.43,"Dairy"
4082209943,"SABRA GREN HOT PEPER MIX",28.43,"Dairy"
4082201114,"SABRA HUMUS CLASSIC",24.16,"Dairy"
4082201124,"SABRA HUMUS w/ROSTD GARLIC",24.16,"Dairy"
4082201134,"SABRA HUMUS w/GREK OLIVE",24.16,"Dairy"
4082201144,"SABRA HUMUS SPICY",24.16,"Dairy"
4082201154,"SABRA HUMUS w/RED PEPPER",24.16,"Dairy"
4082201174,"SABRA HUMUS W/PINE NUT",24.16,"Dairy"
4082202754,"SABRA HUMUS w/SPINACH ",24.16,"Dairy"
4082201473,"SABRA HUMUS w/SUNDRID TOMATO",24.16,"Dairy"
4082202011,"SABRA HUMUS w/BASIL PESTO",24.16,"Dairy"
4082201755,"SABRA HUMUS SPICY",34.99,"Dairy"
4082201749,"SABRA HUMUS CLASSIC",34.99,"Dairy"
4082299001,"SABRA HUMUS w/PINE NUTS",34.99,"Dairy"
4082201750,"SABRA HUMUS w/RED PEPER",34.99,"Dairy"
4082202758,"SABRA HUMUS SPINCH/ARTICHOKE",34.99,"Dairy"
4082201751,"SABRA HUMUS w/RSTD GRLIC",34.99,"Dairy"
4082201326,"SABRA CAPONATA",24.85,"Dairy"
4082202311,"SABRA BABGANUSH",24.85,"Dairy"
4082202309,"SABRA RSTD EGGPLNT",24.85,"Dairy"
4082202308,"SABRA GRILD EGGPLNT",24.85,"Dairy"
4082201323,"SABRA MATBUCHA",24.85,"Dairy"
4082201325,"SABRA TURKISH SALD",24.85,"Dairy"
4082233009,"SABRA MED SALSA ",11.31,"Dairy"
4082234156,"SABRA MANGO PEACH SALSA",11.31,"Dairy"
4082234152,"SABRA SALSA RESTRAUNT STYLE",11.31,"Dairy"
4082202224,"SABRA GUACMOLE ",15.05,"Dairy"
4082201222,"SABRA GUACMOLE SPICY",15.05,"Dairy"
4082201005,"SABRA HUMUS CLASC SNCK PK 4pk",24.16,"Dairy"
4082234158,"SABRA SALSA HOME w/TOSTITOS",17.05,"Dairy"
4082201195,"SABRA HUMUS CLAS w/PRETZLS",17.05,"Dairy"
4082201196,"SABRA HUMUS PEPER w/PRTZLS",17.05,"Dairy"
4082201199,"SABRA HUMUS GARLIC w/PRETZLS",17.05,"Dairy"
5969100116,"SONNY JOE BABGANOUS",25.54,"Dairy"
5969100101,"SONNY JOE ORIG HUMMUS",25.54,"Dairy"
5969100102,"SONNY JOE GALILEE HUMMUS",25.54,"Dairy"
5969100104,"SONNY JOE HOT HUMMUS",25.54,"Dairy"
5969100106,"SONNY JOE JALPENO HUMMUS",25.54,"Dairy"
5969100107,"SONNY JOE GARLIC HUMMUS",25.54,"Dairy"
5969100136,"SONNY JOE RED PEPER HUMMUS",25.54,"Dairy"
5969100137,"SONNY JOE BUFFALO HUMMUS",25.54,"Dairy"
7890267530,"TRIBE HUMMUS CLASSIC",21.72,"Dairy"
7890267553,"TRIBE HUMMUS RST GARLIC",21.72,"Dairy"
7890267557,"TRIBE HUMMUS RST RED PEP",21.72,"Dairy"
7890267556,"TRIBE HUMMUS 40 SPICE",21.72,"Dairy"
7890267554,"TRIBE HUMMUS CRK CHILI PEP",21.72,"Dairy"
7890241071,"TRIBE HUMMUS EVRYTHING",21.72,"Dairy"
4174000006,"GOLD'S WHITE HORSERAD",18.97,"Dairy"
4174000007,"GOLD'S RED HORSERAD",18.97,"Dairy"
4174000004,"GOLD'S RED HORSERAD",33.11,"Dairy"
4174000003,"GOLD'S WHITE HORSERAD",33.11,"Dairy"
4174000080,"GOLD'S BORSCHT",15.3,"Dairy"
3150000849,"B G SOUR KRAUT",25.44,"Dairy"
3150000851,"B G SOUR KRAUT",21.99,"Dairy"
3150000800,"B G BAG PICKLES",19.49,"Dairy"
7430101800,"BATAMPTE DELI 1/2 PICKLE",15.31,"Dairy"
7430100200,"BATAMPTE GRLIC DILL PICKLE",15.31,"Dairy"
7430100005,"BATAMPTE SOUR KRAUT",15.31,"Dairy"
7430100008,"BATAMPTE TOMATOES",15.31,"Dairy"
7430100100,"BATAMPTE HALF SOUR PICKL",15.31,"Dairy"
4470009200,"CLAUSSEN WHOLE PICKLES",30.46,"Dairy"
4470009205,"CLAUSSEN PICKLES 1/2'S",30.46,"Dairy"
1570045059,"H BAR PRE CUT AMER 160 SL",2.88,"Dairy"
1570045059,"H BAR PRE CUT AMER 160 SL",2.87,"Dairy"
5065975073,"H BAR COL AMER LOAF",2.81,"Dairy"
4179500020,"JOY MARBLE HALVAH BARS",24.6,"Dairy"
4179500021,"JOY HALVAH CHOC COV",24.6,"Dairy"
4179500029,"JOY RASB JELLY RING",4.39,"Dairy"
4179500036,"JOY MARSH TWIST VAN",4.39,"Dairy"
4179500073,"JOY RING JELLS",75.9,"Dairy"
4179500077,"JOY CHOC COV VAN TWIST",75.9,"Dairy"
4179500034,"JOY MARSH TWIST CHER FLAV",4.39,"Dairy"
4179500018,"JOY HALVAH VAN FLAV",24.6,"Dairy"
4179500031,"JOY CHOC COV RASP STIX",4.39,"Dairy"
4179500012,"JOY RASP JOYS 36ct",16.73,"Dairy"
4179502411,"JOY 3 JELL RING PK",12.74,"Dairy"
7288100104,"RUBY TONGOL TUNA",69.48,"Dairy"
