"Interal Reference","Description","Retail","POS Category"
"04133101103","EXTRA VIRGIN OLIVE OIL  3 OZ",1.69,"Grocery"
"04133101105","EXTRA VIRGIN OLIVE OIL  8.5 OZ",2.69,"Grocery"
"04133101107","EXTRA VIRGIN OLIVE OIL 17 OZ",5.99,"Grocery"
"04133101109","EXTRA VIRGIN OLIVE OIL 34 OZ",10.59,"Grocery"
"04133101111","EXTRA VIRGIN OLIVE OIL 50.7 OZ",15.59,"Grocery"
"04133101120","EXTRA VIRGIN OLIVE OIL 24 OZ",8.99,"Grocery"
"04133101128","EXTRA VIRGIN OLIVE OIL 3 LTS",34.69,"Grocery"
"04133101130","GOYA UNICO XTRA VIRGIN OLV OIL",8.69,"Grocery"
"04133101141","PURO OLIVE OIL   8.5 OZ",2.49,"Grocery"
"04133101142","PURO OLIVE OIL   17 OZ",5.39,"Grocery"
"04133101154","LIGHT PURE OLIVE OIL  8.5 OZ",2.49,"Grocery"
"04133101158","LIGHT PURE OLIVE OIL  17 OZ",5.39,"Grocery"
"04133101159","GOYA LIGHT OLIVE OIL 9/34 OZ.",9.19,"Grocery"
"04133101227","PURE CORN OIL   16 OZ",1.99,"Grocery"
"04133101229","PURE CORN OIL   24 OZ",2.79,"Grocery"
"04133101231","PURE CORN OIL  48 OZ",4.49,"Grocery"
"04133101232","PURE CORN OIL  1/2 GAL",5.99,"Grocery"
"04133101233","PURE CORN OIL  1 GAL",9.89,"Grocery"
"04133101234","PURE CORN OIL  96 OZ",7.89,"Grocery"
"04133101235","VEGETABLE OIL  16 OZ",1.89,"Grocery"
"04133101237","VEGETABLE OIL  24 OZ",2.59,"Grocery"
"04133101239","VEGETABLE OIL  48 OZ",4.19,"Grocery"
"04133101240","VEGETABLE OIL  96 OZ",7.29,"Grocery"
"04133101241","VEGETABLE OIL  1 GAL",8.99,"Grocery"
"04133101250","CANOLA OIL   48 OZ",4.29,"Grocery"
"04133101304","PERDIGON OLIVES    24/9.5 OZ",1.49,"Grocery"
"04133101307","MANZANILLA OLIVES",1.19,"Grocery"
"04133101309","MANZANILLA OLIVES  9.5 OZ",1.89,"Grocery"
"04133101312","PERDIGON OLIVES    20 OZ",2.79,"Grocery"
"04133101317","COCKTAIL PITTED OLIVES",1.09,"Grocery"
"04133101319","COCKTAIL PITTED OLIVES 5.5. OZ",1.79,"Grocery"
"04133101327","STUFF MANZANILLA OLVES",1.39,"Grocery"
"04133101331","STUFF MANZANILLA OLIVES 9.5 OZ",2.29,"Grocery"
"04133101332","STUFF MANZANILLA OLVES 20 OZ",4.39,"Grocery"
"04133101333","STUFFED QUEEN OLIVES",2.49,"Grocery"
"04133101335","STUFFED QUEEN OLIVES 9 OZ",4.99,"Grocery"
"04133101337","STUFF QUEEN OLIV W/MINCED PIM",10.39,"Grocery"
"04133101341","GOYA MANZANILLAS RELLENAS 24",1.59,"Grocery"
"04133101351","JUMBO OLIVES",1.99,"Grocery"
"04133101353","JUMBO OLIVES    9.5 OZ",3.89,"Grocery"
"04133101368","REDUCED SODIUM CAPERS CAPOTES",1.99,"Grocery"
"04133101370","SPAN NONPAREILS-CAPERS 2.5 OZ",2.89,"Grocery"
"04133101373","SPANISH CAPERS - ALCAPARR",1.99,"Grocery"
"04133101375","SPANISH CAPERS-ALCAPARR 3.25 O",2.59,"Grocery"
"04133101377","SPANISH CAPERS-ALCAPARR 4.25 O",3.29,"Grocery"
"04133101417","ALCAPARRADO PITTED  7 OZ",1.99,"Grocery"
"04133101419","ALCAPARRADO PITTED  9.5 OZ",2.49,"Grocery"
"04133101421","GOYA ALCAPARRADO PITTED",4.69,"Grocery"
"04133101425","CAPERS OLIVES W/PIM 3 1/4 OZ",1.09,"Grocery"
"04133101427","CAPERS OLIVES W/PIM 4 1/4 OZ",1.39,"Grocery"
"04133101429","CAPERS OLIVES W/PIM 10 OZ",2.19,"Grocery"
"04133101431","CAPERS OLIVES W/PIM 20 OZ",3.99,"Grocery"
"04133101460","SLICED GREEN OLIVES 24/5.75",1.49,"Grocery"
"04133101461","SLICED BLK RIPE OLIVES 24/5.75",1.89,"Grocery"
"04133101465","CAPERS OLIVES W/PIM 8 OZ",1.79,"Grocery"
"04133101467","MANZANILLA OLIVES 6 3/4 OZ",1.49,"Grocery"
"04133101469","STUFF MANZANILLA OLV 6 3/4 OZ",1.89,"Grocery"
"04133101473","JUMBO OLIVES 6 1/2 OZ",2.89,"Grocery"
"04133101475","STUFFED QUEEN OLIVES 6 1/2 OZ",3.69,"Grocery"
"04133101477","SALAD OLIVES 7 OZ",1.99,"Grocery"
"04133101478","SALAD OLIVES  20 OZ",4.69,"Grocery"
"04133101479","SALAD OLIVES 9.5 OZ",2.39,"Grocery"
"04133101480","GOYA JUMBO SALAD OLIVES 24/7OZ",1.99,"Grocery"
"04133101484","ACEITUNA BOTIJA-PERUVIAN",5.39,"Grocery"
"04133101485","ACEITUNA BOTIJA PERUVIAN",3.29,"Grocery"
"04133101489","MANZANILLA STUFF SALMON 5.25OZ",2.29,"Grocery"
"04133101490","MANZANILLA STUFF TUNA 5 1/4 OZ",2.29,"Grocery"
"04133101491","MANZANILLA STUFF ACHOVY 5.25OZ",2.29,"Grocery"
"04133101492","MANZANI. STUFF HOT PMTO 5.25OZ",2.29,"Grocery"
"04133101494","SMALL RIPE BLACK OLIVES 6 OZ",2.19,"Grocery"
"04133101495","LARGE RIPE BLACK OLIVES PITTED",2.19,"Grocery"
"04133101510","RED. SOD. MANZANILLA OLIVES",1.59,"Grocery"
"04133101511","RED. SOD. STUFF OLIVE PIMIENTO",1.99,"Grocery"
"04133101512","RED. SOD. PITTED ALCAP. OLIVE",1.89,"Grocery"
"04133101513","RED SOD BROKEN MAN OLIVE W/PIM",1.89,"Grocery"
"04133101518","RED. SOD. STUFF OLIVE JALAPENO",2.19,"Grocery"
"04133101685","JALAPENO PEPPERS 12 OZ",2.29,"Grocery"
"04133112001","GREEN PIGEON PEAS 15 OZ",1.69,"Grocery"
"04133102002","GREEN PIGEON PEAS LOW SODIUM",1.69,"Grocery"
"04133102003","GREEN PIGEON PEAS 29 OZ",3.19,"Grocery"
"04133102004","GREEN PIGEON PEAS 6/100.7 OZ",9.99,"Grocery"
"04133102005","GANDULES CON COCO 15.5 OZ",1.69,"Grocery"
"04133102006","GANDULES VERDES CON COCO 12/30",3.19,"Grocery"
"04133102018","TUPI GREEN PIGEON PEAS 16 OZ",1.39,"Grocery"
"04133112021","EL JIB DRY PIGEON PEAS 15.5 OZ",1.49,"Grocery"
"04133102022","EL JIB PIGEON PEAS  29 OZ",2.89,"Grocery"
"04133102023","JIBARITO GANDULES CON COCO",1.49,"Grocery"
"04133112025","DRY PIGEON PEAS 15.5 OZ",1.49,"Grocery"
"04133102026","DRY PIGEON PEAS 29 OZ",2.89,"Grocery"
"04133102043","REDUCED SODIUM BLACK BEAN SOUP",1.19,"Grocery"
"04133102051","RED KIDNEY BEANS GUISADAS 15OZ",1.19,"Grocery"
"04133102052","SMALL RED BEANS GUISADAS 15 OZ",1.19,"Grocery"
"04133102054","GANDULES GUISADOS 15 OZ",1.59,"Grocery"
"04133102055","PINK BEANS GUISADAS 15 OZ",1.19,"Grocery"
"04133102059","WHITE BEANS GUISADAS 15 OZ",1.39,"Grocery"
"04133102062","PINTO BEANS GUISADAS 15 OZ",1.19,"Grocery"
"04133102063","CHICK PEAS GUISADAS 15 OZ",1.39,"Grocery"
"04133102067","BLACK BEAN SOUP 15 OZ",1.19,"Grocery"
"04133102071","FRIJOLES ANTIOQUENOS",1.29,"Grocery"
"04133102072","FRIJOLES CHARROS",.89,"Grocery"
"04133102073","FRIJOLES DE OLLA",.89,"Grocery"
"04133102076","RED KIDNEY BEANS GUISADAS 29OZ",2.59,"Grocery"
"04133102077","GOYA PINK BEANS GUISADAS 29 OZ",2.59,"Grocery"
"04133102078","GOYA GUISADAS BLANCAS 29 OZ",2.59,"Grocery"
"04133102079","GOYA GUISADAS PINTAS 29 OZ",2.59,"Grocery"
"04133102080","GOYA CHICK PEAS GUISADAS 29 OZ",2.59,"Grocery"
"04133102081","GOYA BLACK BEANS GUISADAS 29OZ",2.59,"Grocery"
"04133102089","YUCA 28 OZ",3.39,"Grocery"
"04133102090","PANA DE PEPITA  8 OZ",1.09,"Grocery"
"04133102091","YUCA 14 OZ.",1.89,"Grocery"
"04133102101","GUAVA JELLY 17 OZ",3.29,"Grocery"
"04133102103","STRAWBERRY PRESERVES 17 OZ",3.29,"Grocery"
"04133102104","GRAPE JELLY 12/17 OZ",3.29,"Grocery"
"04133102105","GOYA MANGO JAM 17 OZ",3.29,"Grocery"
"04133102106","PINEAPPLE PRESERVES 17 OZ",3.29,"Grocery"
"04133102107","PASSION FRUIT JAM 17 OZ",3.79,"Grocery"
"04133102118","PAPAYA JAM 17 OZ",3.29,"Grocery"
"04133102123","BREVAS EN ALMIBAR (FIGS) 20 OZ",4.19,"Grocery"
"04133102125","GOYA GUAVA MARMALADE SQUEEZE",3.09,"Grocery"
"04133102126","GOYA MANGO MARMALADE SQUEEZE",3.09,"Grocery"
"04133102127","GOYA STRAWBERRY MARMALADE SQUZ",3.79,"Grocery"
"04133102128","GOYA GRAPE JELLY SQUEEZE",3.09,"Grocery"
"04133102131","SANCOCHO   15 OZ",1.39,"Grocery"
"04133102133","MONDONGO 15 OZ",2.79,"Grocery"
"04133102134","BAKED BEANS ORIGINAL 16 OZ.",1.69,"Grocery"
"04133102135","BAKED BEANS VEGETARIAN 16 OZ.",1.69,"Grocery"
"04133102136","BAKED BEANS CHIPOTLE 16 OZ.",1.69,"Grocery"
"04133102137","BAKED BEANS JALAPENO BLACK BN",1.69,"Grocery"
"04133102138","MONDONGO DOMINICANO 15 OZ",2.79,"Grocery"
"04133102140","GOYA HOGAO 12/17.1 OZ",2.79,"Grocery"
"04133102142","GOYA AJI DULCE 12/8.8 OZ.",2.89,"Grocery"
"04133102145","CHIMICHURRI STEAK SAUCE 12/7.5",3.69,"Grocery"
"04133102146","SOFRITO 12 OZ",1.79,"Grocery"
"04133102147","SOFRITO DE CEBOLLA 6.7 OZ.",1.69,"Grocery"
"04133102148","SOFRITO 6 OZ",1.49,"Grocery"
"04133102149","SOFRITO  24 OZ",3.99,"Grocery"
"04133102150","RECAITO  24 OZ",3.99,"Grocery"
"04133102151","RECAITO  6 OZ",1.49,"Grocery"
"04133102152","RECAITO  12 OZ",1.79,"Grocery"
"04133102153","GOYA LIQUIDO SZN         15 OZ",1.69,"Grocery"
"04133102154","GOYA LIQUIDO SZN  30 OZ",2.99,"Grocery"
"04133102155","GOYA LIQUIDO HOT SZN 15 OZ",1.69,"Grocery"
"04133102156","GOYA LIQUIDO HOT SZN  30 OZ",2.99,"Grocery"
"04133102159","PINA COLADA MIX 12 OZ",1.69,"Grocery"
"04133102161","COCO GOYA 8 3/4 OZ",1.59,"Grocery"
"04133102163","COCO GOYA 15 OZ",2.09,"Grocery"
"04133102164","COCONUT MILK 13.5 Z",1.49,"Grocery"
"04133102165","GOYA COCONUT MILK LIGHT",1.59,"Grocery"
"04133102166","CREAM OF COCONUT SHIPPER",2.09,"Grocery"
"04133102168","COCONUT MILK 25.5 OZ",2.79,"Grocery"
"04133102169","HABICHUELAS CON DULCE 24/15.5",1.49,"Grocery"
"04133102172","CREMA DE COCO SQUEEZE 16 OZ.",3.29,"Grocery"
"04133102195","COCONUT WATER 13.5 OZ.",1.69,"Grocery"
"42696702250","BLACK BEANS 500 GRAMS",.00,"Grocery"
"04133112330","RED KIDNEY LOW SODIUM 15.5 OZ",.99,"Grocery"
"04133112331","PINK BEANS LOW SODIUM 15.5 OZ",.99,"Grocery"
"04133112332","BLACK BEANS LOW SODIUM 15.5 OZ",.99,"Grocery"
"04133112333","CHICK PEAS LOW SODIUM 15.5 OZ",.99,"Grocery"
"04133112334","PINTO BEANS LOW SODIUM 15.5 OZ",.99,"Grocery"
"04133112335","SMALL WHT BNS LOW SODIUM 15.5",.99,"Grocery"
"04133102340","ORGANIC RED KIDNEY 24/15.5 OZ",1.29,"Grocery"
"04133102342","ORGANIC BLACK BEANS 24/15.5 OZ",1.49,"Grocery"
"04133102344","ORGANIC CHICK PEAS 24/15.5 OZ",1.29,"Grocery"
"04133102345","DK RED KIDNY LOW SODIUM",1.19,"Grocery"
"04133102347","CANNED PINTO BEANS 47 OZ.",2.69,"Grocery"
"04133102348","CANNED RED KIDNEY BEANS 47 OZ.",2.69,"Grocery"
"04133102349","CANNED CHICK PEAS BEANS 47 OZ.",2.69,"Grocery"
"04133102350","CANNED PINK BEANS 47 OZ.",2.69,"Grocery"
"04133102351","CANNED SMALL WHITE BEANS 47 OZ",2.69,"Grocery"
"04133102352","CANNED SMALL RED BEANS 47 OZ.",2.69,"Grocery"
"04133102353","CANNED BLACK BEANS 47 OZ",2.69,"Grocery"
"04133102361","HAB COLORADAS-LOW SODIUM",7.99,"Grocery"
"04133102362","HAB ROSADAS-LOW SODIUM",7.99,"Grocery"
"04133102363","GARBANZOS-LOW SODIUM 12/29 OZ",7.99,"Grocery"
"04133102364","HAB PINTAS-LOW SODIUM",7.99,"Grocery"
"04133102365","FRIJOLES NEGROS-LOW SODIUM",7.99,"Grocery"
"04133102366","HAB BLANCAS-LOW SODIUM",7.99,"Grocery"
"04133102395","GOYA MIXED LS BEANS 15.5 OZ.",.99,"Grocery"
"04133102400","RED KIDNEY 12/29 OZ",7.99,"Grocery"
"04133102401","GOYA MIXED BEANS   15.5 OZ",.95,"Grocery"
"04133112402","RED KIDNEY BEANS 15.5 OZ",.99,"Grocery"
"04133102403","RED KIDNEY BEANS 10.5 OZ",.89,"Grocery"
"04133102405","GOYA MIXED BEANS HISPANIC 15.5",.99,"Grocery"
"04133112406","PINK BEANS 15.5 OZ",.99,"Grocery"
"04133102407","PINK BEANS 10.5 OZ",.89,"Grocery"
"04133102411","PINK BEANS 12/29 OZ",7.99,"Grocery"
"04133112412","WHITE BEANS 15.5 OZ",.99,"Grocery"
"04133102413","WHITE BEANS 10.5 OZ",.89,"Grocery"
"04133112414","GOYA RED CARGAMANTO BEANS 15.5",1.29,"Grocery"
"04133102415","ROMAN BEANS 12/29 OZ",7.99,"Grocery"
"04133112416","ROMAN BEANS 15.5",.99,"Grocery"
"04133102417","SMALL REDS 12/29 OZ",7.99,"Grocery"
"04133112418","GOYA WHITE CARGAMANTO 15.5 OZ",1.29,"Grocery"
"04133102419","CHICK PEAS  12/29 OZ",7.99,"Grocery"
"04133112420","SMALL RED BEANS 15.5 OZ",.99,"Grocery"
"04133112421","FAVA BEANS",.99,"Grocery"
"04133112422","CHICK PEAS 15.5 OZ",.99,"Grocery"
"04133102423","CHICK PEAS 10.5 OZ",.89,"Grocery"
"04133112426","BLACKEYE PEAS 15.5 OZ",.99,"Grocery"
"04133102427","BLACKEYE PEAS",.89,"Grocery"
"04133102429","BLACKEYE PEAS 29 OZ",7.99,"Grocery"
"04133112430","GREAT NORTHERN BEANS 15.5 OZ",.99,"Grocery"
"04133112432","ROJO DOMINICANA 15.5 OZ",.99,"Grocery"
"04133112435","DARK RED KIDNEY BEANS 15.5 OZ",1.19,"Grocery"
"04133112437","PINTO BEANS 15.5 OZ",.99,"Grocery"
"04133102439","PINTO BEANS 10.5 OZ",.89,"Grocery"
"04133102442","PINTO BEANS  29 OZ",7.99,"Grocery"
"04133112443","BUTTER BEANS 15.5 OZ",1.29,"Grocery"
"04133102444","BUTTER BEANS 29 OZ",2.39,"Grocery"
"04133112446","CANNELLINI 15.5 OZ",1.19,"Grocery"
"04133102449","CANNELLINI 29 OZ",2.19,"Grocery"
"04133112450","GOYA BOLA ROJA BEAN 15.5 OZ",1.09,"Grocery"
"04133112451","GOYA CANARY BEANS 15.5 OZ",1.29,"Grocery"
"04133102452","SMALL WHITE BEANS 29 OZ",7.99,"Grocery"
"04133102453","GOYA DARK KIDNEY BEANS 110 OZ",5.59,"Grocery"
"04133102454","GOYA PINTO BEANS 110 OZ",5.59,"Grocery"
"04133102455","GOYA PINK BEANS 110 OZ",5.59,"Grocery"
"04133112456","GOYA LENTIL BEANS 15.5 OZ",.99,"Grocery"
"04133102457","GOYA RED KIDNEY BEANS 110 OZ",5.59,"Grocery"
"04133112458","NAVY BEANS 15.5 OZ",.99,"Grocery"
"04133102459","GOYA BLACK BEANS 110 OZ",5.59,"Grocery"
"04133102460","GOYA CHICK PEAS 110 OZ",5.59,"Grocery"
"04133112461","GREEN PEAS 15.5 OZ",.99,"Grocery"
"04133112463","FRIJOL DE SEDA 24/15.5 OZ.",1.29,"Grocery"
"04133102465","BLACK BEANS 29 OZ",7.99,"Grocery"
"04133112466","BLACK BEANS 15.5 OZ",.99,"Grocery"
"04133102467","GREEN PEAS 10.5 OZ",.89,"Grocery"
"04133102469","BLACK BEANS 10.5 OZ",.89,"Grocery"
"04133102470","SMALL WHITE BEANS 1 LB",1.39,"Grocery"
"04133102471","RED KIDNEY BEANS  1 LB",1.99,"Grocery"
"04133102472","PINTO BEANS 1 LB",1.39,"Grocery"
"04133102473","BABY LIMA BEANS 1 LB",1.39,"Grocery"
"04133102474","BLACKEYE PEAS  1 LB",1.89,"Grocery"
"04133102475","WHOLE GREEN PEAS 1 LB",.99,"Grocery"
"04133102476","LENTILS 1 LB",1.19,"Grocery"
"04133102477","PINK BEANS 1 LB",1.59,"Grocery"
"04133102478","CHICK PEAS 1 LB",1.79,"Grocery"
"04133102479","BLACK BEANS 1 LB",1.39,"Grocery"
"04133102480","DOMINICAN RED BEANS 1 LB",1.99,"Grocery"
"04133102481","LARGE LIMA BEANS 1 LB",2.49,"Grocery"
"04133102482","PIGEON PEAS 1 LB",1.59,"Grocery"
"04133102483","ROMAN BEANS 1 LB",2.09,"Grocery"
"04133102484","FAVA BEANS 1 LB",1.95,"Grocery"
"04133102485","GREAT NORTHERN BEANS 1 LB",1.69,"Grocery"
"04133102486","SMALL RED BEANS 1 LB",1.89,"Grocery"
"04133102487","GREEN SPLIT PEAS 1 LB",.99,"Grocery"
"04133102488","CANNELLINI ALUBIAS 1 LB.",1.69,"Grocery"
"04133102489","COW PEAS 1 LB",1.49,"Grocery"
"04133102490","NAVY BEANS 1 LB",1.39,"Grocery"
"04133102491","YELLOW SPLIT PEAS 1 LB",.89,"Grocery"
"04133102492","YELLOW POPCORN 1 LB",1.29,"Grocery"
"04133102493","WHOLE YELLOW PEAS 1 LB",.99,"Grocery"
"04133102494","BARLEY 1 LB",.99,"Grocery"
"04133102495","CANARY BEAN FRIJOL CANARIO 1LB",2.49,"Grocery"
"04133102496","RED LENTILS 1 LB",1.29,"Grocery"
"04133102497","MAIZ TRILLADO/WHITE HOMNY 1 LB",1.19,"Grocery"
"04133102498","MAIZ TRILLADO/GOLD HOMINY 1 LB",1.19,"Grocery"
"04133102499","GIANT WHITE CORN/MAIZ 14 OZ",2.29,"Grocery"
"04133102500","CHULPE CORN   1 LB",2.89,"Grocery"
"04133102501","PARDINA LENTILS  1 LB",1.49,"Grocery"
"04133102502","BEAN SOUP MIX 1 LB",1.79,"Grocery"
"04133102503","FRIJOL DE SEDA 1 LB",2.39,"Grocery"
"04133102504","GOYA PEELED FAVA 1 LB.",2.59,"Grocery"
"04133102506","GOYA RED CARGAMANTO BEANS 1 LB",2.89,"Grocery"
"04133102509","GOYA WH CARGAMANTO BEANS 1 LB",2.89,"Grocery"
"04133102510","GOYA BOLA ROJA 1 LB",3.29,"Grocery"
"04133102514","BLACK EYE PEAS 4 LB.",7.19,"Grocery"
"04133102515","PINK BEANS 4 LB",6.29,"Grocery"
"04133102516","LENTILS 4 LB",5.39,"Grocery"
"04133102517","CENTRAL AMERICAN RED BEANS 4LB",9.69,"Grocery"
"04133102518","CANARY BEANS 4 LB",9.59,"Grocery"
"04133102519","RED KIDNEY 4 LBS",7.89,"Grocery"
"04133102520","CHICK PEAS 4 LB",6.99,"Grocery"
"04133102521","SMALL RED BEANS  4 LB",5.89,"Grocery"
"04133102522","GOYA GIANT WHITE CORN  3 LB",7.69,"Grocery"
"04133102523","BLACK BEANS  4 LB",5.39,"Grocery"
"04133102524","ROMAN BEANS 4 LB",8.29,"Grocery"
"04133102525","YELLOW SPLIT PEAS",4.09,"Grocery"
"04133102526","PINTO BEANS  4 LB",5.39,"Grocery"
"04133102527","BLACK BEANS 10 LB",13.59,"Grocery"
"04133102528","PINTO BEANS 10 LB",13.59,"Grocery"
"04133102529","ROMAN BEANS 10 LB",19.99,"Grocery"
"04133112531","TENDER SWEET PEAS 15 OZ",1.19,"Grocery"
"04133102533","TENDER SWEET PEAS 8.50 OZ",.89,"Grocery"
"04133112535","FRENCH STYLE GRN BEANS 14.5 OZ",1.09,"Grocery"
"04133102536","FRENCH STYLE GREEN BEANS 8 OZ",.79,"Grocery"
"04133102537","CUT GREEN BEANS 8 OZ",.79,"Grocery"
"04133112539","CUT GREEN BEANS 24/14.5 OZ",1.09,"Grocery"
"04133102542","FABES DE ASTURIAS 12/17.8 OZ",12.49,"Grocery"
"04133102544","ROCK BEANS/FEIJAO PEDRA",1.59,"Grocery"
"04133112545","FIELD PEAS WITH SNAPS 15 OZ",1.09,"Grocery"
"04133102546","GOYA CANARY BEANS",4.39,"Grocery"
"04133102547","CENTRAL AMERICAN RED BEAN 24 O",3.59,"Grocery"
"04133102552","PEAS AND CARROTS 8.50 OZ",.89,"Grocery"
"04133112553","PEAS AND CARROTS 15 OZ",1.29,"Grocery"
"04133102555","WHOLE KERNEL CORN 8 OZ",.79,"Grocery"
"04133112556","WHOLE KERNEL CORN 15.25 OZ",.99,"Grocery"
"04133112565","MIXED VEGETABLES 14.9 OZ",1.09,"Grocery"
"04133102567","MIXED VEGETABLES 8.25 OZ",.79,"Grocery"
"04133112569","SLICED BEETS 15 OZ",1.09,"Grocery"
"04133112570","LOW SODIUM WHOLE KERNEL CORN",1.09,"Grocery"
"04133102571","SLICED BEETS 8.25 OZ",.79,"Grocery"
"04133112573","SLICED CARROTS 14.5 OZ",1.09,"Grocery"
"04133102577","WHOLE MUSHROOMS",1.59,"Grocery"
"04133102579","SLICED MUSHROOMS",1.59,"Grocery"
"04133112581","GREEN LIMA BEANS 15 OZ",1.39,"Grocery"
"04133102582","WHOLE MUSHROOMS",2.59,"Grocery"
"04133102584","SLICED MUSHROOMS",2.59,"Grocery"
"04133102587","GOYA WHITE ASPARAGUS 11.6 OZ",3.29,"Grocery"
"04133102588","LOW SODIUM SLICED BEETS",1.09,"Grocery"
"04133102589","GOYA GREEN ASPARAGUS 11.6 OZ",2.89,"Grocery"
"04133102590","LOW SODIUM MIXED VEGETABLES",1.09,"Grocery"
"04133102594","GALLO PINTO/CENT AMER STYLE",1.79,"Grocery"
"04133102595","CONGRI-STYL BLCK BEAN AND RICE",1.79,"Grocery"
"04133112596","WHITE HOMINY 15 OZ",1.69,"Grocery"
"04133112597","GOLDEN HOMINY 15 OZ",.99,"Grocery"
"04133102598","GOYA WHITE HOMINY 29 OZ",1.59,"Grocery"
"04133102599","GOYA WHITE HOMINY 108 OZ",4.19,"Grocery"
"04133102601","FANCY BLUE ROSE RICE 1 LB",1.49,"Grocery"
"04133102602","FANCY BLUE ROSE RICE 3 LB",3.29,"Grocery"
"04133102603","FANCY BLUE ROSE RICE 5 LB",5.39,"Grocery"
"04133102604","MAIZ CANCHA MONTANA",2.19,"Grocery"
"04133102605","FANCY BLUE ROSE RICE 10 LB",7.79,"Grocery"
"04133102606","GOYA 20 LB POLY BAG - MEDIUM G",13.59,"Grocery"
"04133102607","FANCY BLUE ROSE RICE 20 LB",13.59,"Grocery"
"04133102608","FANCY BLUE ROSE RICE 50 LB",36.39,"Grocery"
"04133102609","FANCY BLUE ROSE RICE 100 LB",71.09,"Grocery"
"04133102610","GOYA MEDIUM GRAIN GAYLORD",13.59,"Grocery"
"04133102611","LONG GRAIN ORGANIC BROWN RICE",5.29,"Grocery"
"04133102612","GOYA BROWN RICE 14/32 OZ",2.19,"Grocery"
"04133102613","GOYA BROWN RICE 16 OZ",1.09,"Grocery"
"04133102614","LONG GRAIN ORGANIC WHITE RICE",4.99,"Grocery"
"04133102616","GOYA BASMATI RICE 11 LB",17.49,"Grocery"
"04133102617","GOYA JASMINE RICE 20 LB",23.49,"Grocery"
"04133102618","JASMINE RICE  20 LB",23.49,"Grocery"
"04133102619","JASMINE RICE   10 LB",13.39,"Grocery"
"04133102620","JASMINE RICE  5 LB",6.99,"Grocery"
"04133102621","GOYA 5 LB. BROWN RICE",3.59,"Grocery"
"04133102622","JASMINE RICE",2.89,"Grocery"
"04133102623","GOLDEN CANILLA GAYLORD",10.99,"Grocery"
"04133102626","GOLDEN CANILLA PARBOILED 1 LB",1.19,"Grocery"
"04133102627","GOLDEN CANILLA PARBOILED 100LB",59.69,"Grocery"
"04133102628","GOLDEN CANILLA PARBOILED 3 LB",2.89,"Grocery"
"04133102629","GOLDEN CANILLA PARBOILED 5 LB",4.69,"Grocery"
"04133102630","GOLDEN CANILLA PARBOILED 10 LB",6.99,"Grocery"
"04133102631","GOLDEN CANILLA PARBOILED 20 LB",10.99,"Grocery"
"04133102632","CANILLA LONG GRAIN RICE 1 LB",1.69,"Grocery"
"04133102633","CANILLA LONG GRAIN RICE 3 LB",2.89,"Grocery"
"04133102634","CANILLA LONG GRAIN RICE 2LB",1.99,"Grocery"
"04133102635","CANILLA LONG GRAIN RICE 5 LB",4.59,"Grocery"
"04133102637","CANILLA LONG GRAIN RICE 10 LB",6.79,"Grocery"
"04133102638","CANILLA LG RICE 20 LB POLY BAG",11.99,"Grocery"
"04133102639","CANILLA LONG GRAIN RICE 20 LB",11.99,"Grocery"
"04133102640","CANILLA LONG GRAIN RICE 50 LB",30.69,"Grocery"
"04133102641","K-NILLA LONG GRAIN RICE 100 LB",59.69,"Grocery"
"04133102642","CANILLA GAYLORD   20 LB",11.99,"Grocery"
"04133102643","GOYA INSTANT YELLOW RICE 6 OZ.",1.99,"Grocery"
"04133102644","GOYA INSTANT MEXICAN RICE 6 OZ",2.29,"Grocery"
"04133102645","GOYA INSTANT BROWN RICE 6 OZ.",2.29,"Grocery"
"04133102646","CANILLA RICE 35 LB",.01,"Grocery"
"04133102648","GOYA RICE W/GREEN PEPPER&CORN",1.79,"Grocery"
"04133102649","GOYA COCONUT RICE 8 OZ.",1.79,"Grocery"
"04133102651","GOYA JASMIN BOX RICE 12 OZ",2.59,"Grocery"
"04133102652","GOYA BASMATI BOX RICE 12 OZ",2.59,"Grocery"
"04133102653","GOYA VALENCIA BOX RICE 12 OZ",2.59,"Grocery"
"04133102654","GOYA ARBORIO BOX RICE 12 OZ",2.59,"Grocery"
"04133102655","RICE AND PINTO BEANS SW 8 OZ",1.79,"Grocery"
"04133102656","HOPPIN'JOHN-RICE/BLACKEYE PEAS",1.79,"Grocery"
"04133102657","CHICKEN FLAVORED RICE 8 OZ",1.79,"Grocery"
"04133102658","LOW SODIUM YELLOW RICE SHIPPER",1.89,"Grocery"
"04133102659","FIESTA RICE 8 OZ",1.79,"Grocery"
"04133102660","PAELLA DINNER KIT 19 OZ",5.19,"Grocery"
"04133102661","ARROZ CON GANDULES 8 OZ",1.79,"Grocery"
"04133102662","YELLOW RICE MIX 8 OZ",1.79,"Grocery"
"04133102663","MEXICAN RICE MIX 8 OZ",1.79,"Grocery"
"04133102664","RICE PRIMAVERA 8 OZ",1.79,"Grocery"
"04133102665","RICE AND BLACK BEANS 8 OZ",1.79,"Grocery"
"04133102666","RICE AND RED BEANS 8 OZ",1.79,"Grocery"
"04133102667","BROCOLLI & CHEESE 8 OZ",1.79,"Grocery"
"04133102668","CURRY RICE 8 OZ",1.79,"Grocery"
"04133102669","ARROZ CON POLLO 17 OZ.",3.99,"Grocery"
"04133102670","YELLOW RICE DISPLAY 8 OZ",1.79,"Grocery"
"04133102672","QUINOA BLEND BR RICE RBP & G",2.79,"Grocery"
"04133102674","QUINOA BLEND BR RICE BLK BEANS",2.79,"Grocery"
"04133102675","SPANISH RICE  8 OZ",1.79,"Grocery"
"04133102677","GOYA YELLOW RICE & RED BNS 24",1.79,"Grocery"
"04133102678","YELLOW BROWN MEXICAN RICE DIS",2.19,"Grocery"
"04133102679","YELLOW RICE AND CORN 8 OZ",1.79,"Grocery"
"04133102680","QUINOA BLEND WILD RICE C&M",2.79,"Grocery"
"04133102681","MULTI PACK YELLOW RICE QTR PL",4.89,"Grocery"
"04133102682","GOYA YELLOW RICE MULTIPACK",4.89,"Grocery"
"04133102683","YELLOW RICE MIX DISP. 384/8 OZ",1.69,"Grocery"
"04133102684","3 MULTIPAK YELLOW RICE DISPLAY",4.89,"Grocery"
"04133102685","YELLOW RICE 14 OZ",2.69,"Grocery"
"04133102694","UHT COCONUT WATER WITH LYCHEE",2.29,"Grocery"
"04133102695","UHT COCONUT WATER WITH MANGO T",2.29,"Grocery"
"04133102696","UHT COCONUT WATER POMEGRANATE",2.29,"Grocery"
"04133102697","UHT COCONUT WATER WITH GUAVA T",2.29,"Grocery"
"04133102701","GOYA DIET PEAR NECTAR",2.39,"Grocery"
"04133102702","LOW SODIUM YELLOW RICE 24/8 OZ",1.89,"Grocery"
"04133102705","GOYA DIET APRICOT NECTAR",2.39,"Grocery"
"04133102707","PEAR NECTAR 33.8 OZ",2.79,"Grocery"
"04133102708","MELOCOTON NECTAR 33.8 OZ",2.79,"Grocery"
"04133102709","ALBARICOQUE NECTAR 33.8 OZ",2.79,"Grocery"
"04133102710","MANZANA NECTAR 33.8 OZ",2.79,"Grocery"
"04133102711","DIET PEAR NECTAR",1.09,"Grocery"
"04133102713","GUAVA NECTAR 33.8 OZ.",2.79,"Grocery"
"04133102714","MANGO NECTAR 33.8 OZ",2.79,"Grocery"
"04133112715","PEAR NECTAR 5 OZ",1.09,"Grocery"
"04133102716","DIET PEACH NECTAR",1.09,"Grocery"
"04133112717","PEACH NECTAR 5 OZ",1.09,"Grocery"
"04133102718","DIET APRICOT NECTAR",1.09,"Grocery"
"04133102720","DIET TAMARIND NECTAR",1.09,"Grocery"
"04133112721","PEAR NECTAR",1.09,"Grocery"
"04133112722","PEACH NECTAR",1.09,"Grocery"
"04133112723","APRICOT NECTAR",1.09,"Grocery"
"04133102724","GOYA DIET TAMRIND NECTAR",2.39,"Grocery"
"04133102725","DIET GUANABANA NECTAR",1.39,"Grocery"
"04133102726","DIET GUAVA NECTAR",1.09,"Grocery"
"04133102727","PINEAPPLE/GUAVA NECTAR 42 OZ",2.39,"Grocery"
"04133102730","DIET MANGO NECTAR",1.09,"Grocery"
"04133102731","PEAR NECTAR 42 OZ",2.39,"Grocery"
"04133102732","PEACH NECTAR 42 OZ",2.39,"Grocery"
"04133102733","APRICOT NECTAR 42 OZ",2.39,"Grocery"
"04133102734","GOYA DIET SOURSOP NECTAR",2.39,"Grocery"
"04133112735","PASSION FRUIT COCKTAIL",1.69,"Grocery"
"04133112736","PEAR/PASSION NECTAR",.89,"Grocery"
"04133112737","PINEAPPLE/PASSION NECTAR",.89,"Grocery"
"04133112738","PINEAPPLE/GUAVA NECTAR",.65,"Grocery"
"04133102739","GOYA DIET GUAVA NECTAR",2.39,"Grocery"
"04133112741","TAMARIND NECTAR",1.09,"Grocery"
"04133102742","ORANGE CARROT NECTAR 33.8 OZ.",2.79,"Grocery"
"04133112743","GUANABANA NECTAR",1.39,"Grocery"
"04133112744","PAPAYA NECTAR",1.19,"Grocery"
"04133112745","GUAVA NECTAR",1.09,"Grocery"
"04133112746","MANGO NECTAR",1.09,"Grocery"
"04133102747","TAMARIND NECTAR 42 OZ",2.39,"Grocery"
"04133102748","GUANABANA NECTAR 42 OZ",2.79,"Grocery"
"04133102749","GUAVA NECTAR 42 OZ",2.39,"Grocery"
"04133102750","MANGO NECTAR 42 OZ",2.39,"Grocery"
"04133112751","TAMARIND NECTAR 5 OZ",1.09,"Grocery"
"04133112752","MANGO NECTAR 5 OZ",1.09,"Grocery"
"04133112755","GUAVA NECTAR 5 OZ",1.09,"Grocery"
"04133102756","PAPAYA NECTAR 42 OZ",2.39,"Grocery"
"04133112760","GOYA STRAWBERRY NECTAR",.65,"Grocery"
"04133112761","BANANA NECTAR",.65,"Grocery"
"04133112762","GOYA STRAW/BANANA NECTAR",.65,"Grocery"
"04133102769","GOYA DIET MANGO NECTAR",2.39,"Grocery"
"04133102770","GOYA PASSION FRUIT COCKTAIL",3.19,"Grocery"
"04133102772","PINEAPPLE COCONUT NECTAR 33.8",2.79,"Grocery"
"04133102778","UHT COCONUT WATER 100% PURE",3.89,"Grocery"
"04133102779","UHT COCONUT WATER 100% PURE",2.29,"Grocery"
"04133112780","PINEAPPLE JUICE  5 OZ",1.09,"Grocery"
"04133102781","GOYA ROASTED COCONUT JUICE",1.09,"Grocery"
"04133102782","PINEAPPLE JUICE 42 OZ",2.59,"Grocery"
"04133112783","PINEAPPLE JUICE",1.09,"Grocery"
"04133102784","GOYA SUGAR CANE JUICE 11.8 OZ",.89,"Grocery"
"04133102785","COCONUT WATER W/PIECES 11.8 OZ",1.09,"Grocery"
"04133102786","UNSWEETENED COCONUT WATER 11.8",1.19,"Grocery"
"04133102787","GOYA COCONUT WATER TALL 17.6OZ",1.29,"Grocery"
"04133102788","UHT COCONUT WATER 24 X 330 ML",1.59,"Grocery"
"04133102791","COCONUT WATER, 5 / 6 PK 8.4 OZ",5.69,"Grocery"
"04133102792","GOYA ROASTED COCONUT JUICE17.6",1.49,"Grocery"
"04133112795","GOYA TROPICAL FRUIT PUNCH",.65,"Grocery"
"04133102796","GOYA TROPICAL FRUIT PUNCH 42 O",2.39,"Grocery"
"04133102800","GOYA PRISMA TAMARIND 33.8 OZ.",2.29,"Grocery"
"04133102802","GOYA PRISMA PINEAPPLE 33.8 OZ.",2.29,"Grocery"
"04133102803","PERAS MITADES GOYA 15.25 OZ",1.89,"Grocery"
"04133102804","GOYA PRISMA PASSION FRUIT CKTL",1.99,"Grocery"
"04133102806","GOYA PRISMA PERA NECTAR 33.8 O",1.79,"Grocery"
"04133102807","GOYA PRISMA PEACH NECTAR 33.8",1.79,"Grocery"
"04133102808","GOYA PRISMA GUAVA NECTAR 33.8",1.79,"Grocery"
"04133102809","GOYA PRISMA MANGO NECTAR 33.8",1.79,"Grocery"
"04133102810","GOYA MANGO BEVERAGE PLASTIC",.79,"Grocery"
"04133102811","GOYA GUAVA BEVERAGE PLASTIC",.79,"Grocery"
"04133102812","APPLE PEACH TROPICAL DRINK",.79,"Grocery"
"04133102813","STRAWBERRY KIWI TROPICAL DRINK",.79,"Grocery"
"04133102815","GOYA PASSION FRT BVRG PLASTIC",.79,"Grocery"
"04133102820","GOYA LIGHT MANGO NECTAR",1.59,"Grocery"
"04133102821","MELOCOTONES REB GOYA 29 OZ",3.69,"Grocery"
"04133102822","MELOCOTONES MITADES GOYA 29 OZ",3.69,"Grocery"
"04133102823","MEXICAN CINNAMON STICK .75 OZ",1.19,"Grocery"
"04133102825","MELOCOTONES REB GOYA 15.25 OZ",1.89,"Grocery"
"04133102826","MELOCOTONES MITADES GOYA 15.25",1.89,"Grocery"
"04133102828","GOYA LIGHT GUAVA NECTAR",1.59,"Grocery"
"04133102832","COCTEL DE FRUTAS GOYA 15.25 OZ",1.89,"Grocery"
"04133102833","COCTEL DE FRUTAS GOYA 30 OZ",3.79,"Grocery"
"04133102839","GOYA WHOLE YELLOW GUAVAS 30 OZ",3.19,"Grocery"
"04133102840","SLICE PINEAPPLE 20 OZ",1.89,"Grocery"
"04133102841","CHUNK PINEAPPLE 20 OZ",1.89,"Grocery"
"04133102843","CHILE PULLA 12/3 OZ",2.39,"Grocery"
"04133102844","CHILE ANCHO 12/3 OZ",2.59,"Grocery"
"04133102845","DICED GREEN CHILES 4 OZ.",1.09,"Grocery"
"04133102846","CHILE GUAJILLO 12/3OZ",2.39,"Grocery"
"04133102847","CHILE MULATO 3 OZ",2.69,"Grocery"
"04133102848","CHILE ARBOL 12/3 OZ",2.29,"Grocery"
"04133102849","CHILE PASILLA 12/3 OZ",2.59,"Grocery"
"04133102850","CHIPOTLES 3 OZ",4.69,"Grocery"
"04133102851","JALAPENO PEPPERS WHOLE 11 OZ",1.39,"Grocery"
"04133102852","JALAPENO PEPPERS WHOLE 26 OZ",1.49,"Grocery"
"04133102853","JALAPENO PEPPERS WHOLE 6 LB",6.59,"Grocery"
"04133102854","DICED GREEN CHILES 7 OZ.",1.39,"Grocery"
"04133102856","PONCHE DRIED FRUIT MIX 8 OZ",4.79,"Grocery"
"04133102857","JALAPENO SLICED GREENS 11 OZ",1.79,"Grocery"
"04133102858","JALAPENO SLICED GREEN 26 OZ",2.69,"Grocery"
"04133102861","SERRANO PEPPERS 11 OZ",1.59,"Grocery"
"04133102862","SERRANO PEPPERS 26 OZ",2.39,"Grocery"
"04133102865","PICKLED NACHOS 26 OZ",2.39,"Grocery"
"04133102866","PICKLED NACHOS 11 OZ",1.69,"Grocery"
"04133102868","WHOLE TOMATILLO 26 OZ",2.39,"Grocery"
"04133102870","CRUSHED TOMATILLO 26 OZ",2.69,"Grocery"
"04133102871","CHILES CHIPOTLES 12/12 OZ",2.59,"Grocery"
"04133102872","NOPALITOS 30 OZ",2.99,"Grocery"
"04133102873","GOYA FLOR DE CALABAZA 7 OZ",2.99,"Grocery"
"04133102874","CHILES CHIPOTLES 7 OZ",1.89,"Grocery"
"04133102876","GOYA HUITLACOCHE",4.89,"Grocery"
"04133102877","SALSA ROJA CASERA MEXICANA",1.19,"Grocery"
"04133102878","SALSA VERDE MEX. 7 OZ",1.09,"Grocery"
"04133102882","SALSITA CHIPOTLE  8 OZ",2.29,"Grocery"
"04133102883","HOJA TAMAL ENCONCHADA 6 OZ",3.29,"Grocery"
"04133102885","SALSITA JALAPENO 8 OZ",2.29,"Grocery"
"04133102886","SALSITA ARBOL 8 OZ",2.29,"Grocery"
"04133102887","SALSITA ANCHO 8 OZ",2.29,"Grocery"
"04133102888","SALSITA HABANERO 8 OZ",2.29,"Grocery"
"04133102889","GOYA SALSA VERDE 17.6 OZ",2.39,"Grocery"
"04133102890","GOYA SALSA TAQUERA 17.6 OZ",2.39,"Grocery"
"04133102891","PICO DE GALLO SALSA 17.6 OZ",2.39,"Grocery"
"04133102892","PICO DE GALLO HOT SALSA 17.6 O",2.39,"Grocery"
"02924300012","LA MODERNA PEARL MUNICION",.49,"Grocery"
"04133102894","BOTANITA HOT SAUCE LIME",1.79,"Grocery"
"04133102895","ZANAHORIAS EN ESCABECHE 12 OZ",1.69,"Grocery"
"03862900191","LA MODERNA SURTIDO  10/24.7OZ",3.99,"Grocery"
"02924300025","LA MODERNA ROTINI TRICOLOR",1.29,"Grocery"
"04133102899","REFRIED BEANS MAYOCOBAS 16 OZ",1.39,"Grocery"
"04133102900","REFRIED BEANS CHORIZO 16 OZ",1.69,"Grocery"
"04133102901","REFRIED BEANS TRADITIONAL 16 O",1.19,"Grocery"
"04133102902","REFRIED BEANS CHIPOTLE  16 OZ",1.39,"Grocery"
"04133102903","REFRIED RANCHEROS   16 OZ",1.39,"Grocery"
"04133102904","GOYA BLACK REFRIED BEANS 16 OZ",1.39,"Grocery"
"04133102905","GOYA MOLE ROJO 12/9 OZ.",3.29,"Grocery"
"04133102906","REFRIED BEANS BLACK FAT FREE",1.29,"Grocery"
"04133102907","REFRIED BEANS PINTO FAT FREE",1.19,"Grocery"
"02924320013","LA MODERNA SOUP SHIPPER 12/3OZ",.69,"Grocery"
"04133102915","BLK BEANS RF REDUCED SODIUM",1.39,"Grocery"
"04133102916","PINTO BEANS RF RED. SODIUM",1.39,"Grocery"
"02924300500","LA MODERNA NIDO FIDEOS",.49,"Grocery"
"02924300023","LA MODERNA GEARS   7.05 OZ",.49,"Grocery"
"02924300024","LA MODERNA MACARONI  7.05 OZ",.49,"Grocery"
"02924300001","LA MODERNA VERNICELLI  7.05 OZ",.49,"Grocery"
"02924300002","LA MODERNA FIDEO   7.05 OZ",.49,"Grocery"
"02924300005","LA MODERNA SPAGHETTI 7.05 OZ",.49,"Grocery"
"02924300006","LA MODERNA MELON SEED  7.05 OZ",.49,"Grocery"
"02924300007","LA MODERNA STARS   7.05 OZ",.49,"Grocery"
"02924300008","LA MODERNA ALPHABETS  7.05 OZ",.49,"Grocery"
"02924300009","LA MODERNA SMALL ELBOWS 7.05 O",.49,"Grocery"
"02924300010","LA MODERNA MEDIUM ELBOW 7.05 O",.49,"Grocery"
"02924300011","LA MODERNA SHELLS       7.05 O",.49,"Grocery"
"02924300501","LA MODERNA COIL VERMICELLI",.49,"Grocery"
"02924300013","LA MODERNA BOWTIE   7.05 OZ",.49,"Grocery"
"02924300019","LA MODERNA SPAGHETTI  16 OZ",.99,"Grocery"
"02924300020","LA MODERNA ELBOW      16 OZ",.99,"Grocery"
"02924300021","LA MODERNA SHELLS     16 OZ",.99,"Grocery"
"02924300022","LA MODERNA VERMICELLI 16 OZ",.99,"Grocery"
"02924320002","LA MDERNA VERMICELLI SOUP",.69,"Grocery"
"02924320010","LA MODERNA ELBOW SOUP",.69,"Grocery"
"03862900010","LA MDRNA MARIA COOKIES 21.1 OZ",2.49,"Grocery"
"03862900091","LA MODERNA ASSORTED CKES 16 OZ",1.99,"Grocery"
"03862900221","LA MODERNA ANIMAL CRACKERS",1.09,"Grocery"
"03862900064","GRAGEAS CKIES LA MODERNA",2.19,"Grocery"
"03862900128","LA MDRNA MRSHMLW CRKER",2.89,"Grocery"
"02924320008","LA MODERNA ALPHABET SOUP 3 OZ",.69,"Grocery"
"02924320007","LA MODERNA STAR SOUP 3 OZ",.69,"Grocery"
"03862900133","LA MODERNA TOSTADA CKIES 14 OZ",2.39,"Grocery"
"03862900158","LA MODERNA JAROCHA CKIES",1.99,"Grocery"
"03862910025","MARIANITA COOKIE",.69,"Grocery"
"02924320011","LA MODERNA VERMICELLI SOUP TOM",.69,"Grocery"
"04133102950","PINTO BEANS RF TRADITIONAL",2.29,"Grocery"
"04741603089","DUX NOCHE BUENA BAG",1.49,"Grocery"
"02924300265","LA MODERNA VERMICELLI BOXED",4.99,"Grocery"
"04133102954","GOYA FLOR DE IZOTE 12/32 OZ.",5.79,"Grocery"
"01090902955","CHOCOLATE LUKER DULCE 17.5 OZ",3.19,"Grocery"
"04741612956","DUX CHRISTMAS ROUND TIN -LARGE",11.39,"Grocery"
"01090902957","CHOCOLATE LUKER AMARGO 8.75 OZ",2.99,"Grocery"
"04741612958","DUX NOCHE BUENA BOX",2.89,"Grocery"
"01090902959","CHOCOLATE EL SOL 17.5 OZ",3.19,"Grocery"
"04741602960","DUX SALTINES  16 OZ",4.99,"Grocery"
"04741604059","DUX XMAS OCTOGON TIN-SMALL",5.29,"Grocery"
"04741602963","DUX SALTINES CRACKERS 28 OZ",7.49,"Grocery"
"04741602964","DUX SODA CRACKERS  16 OZ.",4.99,"Grocery"
"04741602965","DUX SODA CRACKERS  12/28 OZ",7.49,"Grocery"
"04741602966","DUX SODA CRACKER 8/39 OZ",9.89,"Grocery"
"04741602970","DUCALES-DUX SNCK CRKERS 14 OZ",5.39,"Grocery"
"04133102971","PANELA CUADRADA  16 OZ",1.79,"Grocery"
"04133102972","PANELA REDONDA  16 OZ",1.79,"Grocery"
"04133102973","PILONCILLO CONO-PANELA 8 OZ",.99,"Grocery"
"04133102976","REFRIED PINTO BEANS POUCH 15OZ",1.59,"Grocery"
"02924320014","LA MODERNA MUNICION SOUP CKN",.69,"Grocery"
"04133102979","REFRIED BLACK BEANS POUCH 15OZ",1.59,"Grocery"
"04133102980","NANCE 32 OZ",5.39,"Grocery"
"04133102981","CHONTADURO/PEJIVALLES 32 OZ",6.39,"Grocery"
"04133102982","JOCOTE 32 OZ",5.39,"Grocery"
"04133102983","GOYA ENSALADA ENCURTIDO 32 OZ.",4.79,"Grocery"
"04133102984","CURTIDO SALVADORENO 32 OZ",4.79,"Grocery"
"04133102985","TEJOCOTE-MANZANILLA 32 OZ",4.59,"Grocery"
"04133102986","LOROCO 32 OZ",5.79,"Grocery"
"04133102987","PACAYA 32 OZ",6.39,"Grocery"
"02924320015","LA MODERNA FIDEO SOUP CKN 3 OZ",.69,"Grocery"
"04133102990","FRIJOLES VOLTEADOS BLACK 16 OZ",1.79,"Grocery"
"04133102991","FRIJOLES VOLTEADOS RED  16 OZ",1.79,"Grocery"
"08831326202","DUCAL RED REFRIED BEANS",2.49,"Grocery"
"08831306294","DUCAL BLACK REFRIED BEANS",2.49,"Grocery"
"75484210008","CHAO MEIN CANTONESA 12 OZ",2.59,"Grocery"
"07738512345","KIRBY BLACK BEANS  15 OZ",1.29,"Grocery"
"04741612961","DUX HAPPY HOLIDAYS BOX",2.29,"Grocery"
"04133103013","CARNITAS DE CERDO POUCH",3.59,"Grocery"
"07738508915","KIRBY WHT KIDN BEAN POT 15 OZ",2.59,"Grocery"
"08831306228","DUCAL BLACK REFRIED  10.5 OZ",1.19,"Grocery"
"08831306218","DUCAL RED REFRIED 10.5 OZ",1.19,"Grocery"
"08831301834","DUCAL MANZANA NECTAR",.59,"Grocery"
"08831301844","DUCAL MELOCOTON NECTAR  11.20",.59,"Grocery"
"08831301864","DUCAL PERA NECTAR  11.20 OZ",.59,"Grocery"
"08831321874","DUCAL MANGO NECTAR  11.20 OZ",.59,"Grocery"
"08831301854","DUCAL PINA NECTAR",.59,"Grocery"
"08831321244","DUCAL GUAYABA NECTAR  11.20 OZ",.59,"Grocery"
"04741604023","MOJO CRIOLLO 6/ 1/2 GAL",8.29,"Grocery"
"08831326162","DUCAL FRIJOL PARADO",2.79,"Grocery"
"04133103049","MOJO PICANTE 12/24.5 OZ.",2.39,"Grocery"
"04133103051","NARANJA AGRIA 6/1 GAL",7.99,"Grocery"
"04133103055","CHIPOTLE MOJO   15 OZ.",2.29,"Grocery"
"04133103057","LEMON JUICE  32 OZ",2.79,"Grocery"
"04133103058","CHIPOTLE MOJO   24 OZ",2.99,"Grocery"
"04133103059","MOJO CRIOLLO  12 OZ",1.39,"Grocery"
"04133103060","MOJO CRIOLLO 12/24.5 OZ",1.99,"Grocery"
"04133103061","MOJO CRIOLLO  1 GAL",6.99,"Grocery"
"04133103062","NARANJA AGRIA 12 OZ",1.79,"Grocery"
"04133103063","NARANJA AGRIA 24.5 OZ",2.19,"Grocery"
"04133103064","GOYA DULCE DE MANGO",4.29,"Grocery"
"04133103065","GUAVA PASTE 16 OZ",2.19,"Grocery"
"04133103067","GOYA DULCE DE MEMBRILLO",4.69,"Grocery"
"04133103068","GOYA DULCE DE LECHE",5.79,"Grocery"
"04133103069","LIME JUICE 12/32 FL. OZ.",2.99,"Grocery"
"04133103070","GOYA DULCE DE GUAYABA",3.99,"Grocery"
"04133103073","NAPOLITANO DULCE LECHE & GUAVA",3.69,"Grocery"
"04133103077","GOYA GUAVA SHELLS 17 OZ.",2.89,"Grocery"
"04133103078","GOYA GUAVA SHELLS 34 OZ.",5.69,"Grocery"
"04133103079","GUAVA PASTE 21 OZ",2.29,"Grocery"
"04133103080","GUAVA PASTE 21 OZ",2.39,"Grocery"
"04133103082","GOYA GUAVA PASTE  11 OZ",1.59,"Grocery"
"04133103083","GOYA GUAVA PASTE  12/14 OZ",1.79,"Grocery"
"04133103084","GOYA MANGO SLICES WITH PULP",1.59,"Grocery"
"04741605219","DUX WHOLE WHEAT CRACKERS 7.62",2.19,"Grocery"
"04133103087","DULCE DE PAPAYA SLICES 17 OZ",1.89,"Grocery"
"04133103088","DULCE PAPAYA/PAPAYA SLICES 34",3.39,"Grocery"
"04741605195","DUX SODA CRACKERS 12/7.6 OZ",2.19,"Grocery"
"04133103091","MOJO CEVICHE 24.5 OZ.",1.99,"Grocery"
"04133103093","MOJO PINA 24.5 OZ.",1.99,"Grocery"
"03862903095","LA MODERNA SURTIDO PALLET",2.39,"Grocery"
"03862900059","LA MODERNA COCONUT BAR",2.39,"Grocery"
"03862900192","VANILLA WAFER COOKIE 10/21 OZ",2.59,"Grocery"
"08831321742","DUCAL PINEAPPLE NECTAR 8/3 PK",1.29,"Grocery"
"08831321722","DUCAL PEACH NECTAR 8PK",1.29,"Grocery"
"08831321732","DUCAL PEAR NECTAR 8/3 PACK",1.29,"Grocery"
"08831321712","DUCAL APPLE NECTAR 8/3 PK",1.29,"Grocery"
"04133103116","GOYA SUGAR FREE GUAVA PASTE",5.69,"Grocery"
"07456613124","ANCEL PAPAYA CHUNKS 34 OZ",3.39,"Grocery"
"07456613125","ANCEL GRATED COCONUT 34 OZ",3.79,"Grocery"
"07456613126","ANCEL GUAVA SHELLS  34 OZ.",5.59,"Grocery"
"07456613127","ANCEL ORANGE SHELLS 34 OZ",4.79,"Grocery"
"03862900111","LA MODERNA CHOCO CHIP COOKIE",2.39,"Grocery"
"03862900163","LA MODRNA PECAN SHRTBRD COOKIE",2.49,"Grocery"
"07456613130","ANCEL GRATED COCONUT 17 OZ",2.09,"Grocery"
"07456613131","ANCEL GUAVA MARMALADE 17 OZ",1.69,"Grocery"
"07456613133","ANCEL PAPAYA CHUNKS 17 OZ",1.79,"Grocery"
"07456613134","ANCEL GUAVA SHELLS  17 OZ.",2.49,"Grocery"
"07456613138","ANCEL GUAVA PASTE 16 OZ",2.19,"Grocery"
"04133103139","GOYA LEMON JUICE",1.19,"Grocery"
"07456613140","PASTA GUAVA C/JALEA ANCEL 18OZ",2.39,"Grocery"
"04741605296","NOEL SALTIN BRICK QUESO MANTE",1.29,"Grocery"
"04741605298","NOEL SALTIN BAG QUESO Y MANTEQ",1.39,"Grocery"
"07456603145","ANCEL ORANGE SHELLS  17 OZ",2.39,"Grocery"
"04741623002","DUX WHOLE WHEAT/INTEGRAL",6.99,"Grocery"
"04741605365","DUX SODA CRACKERS BOX 23 OZ.",4.69,"Grocery"
"07456613148","MANGO MARMALADE 24/16.5 OZ.",1.69,"Grocery"
"04741605366","DUX SALTIN CRACKERS BOX 23 OZ.",4.69,"Grocery"
"08831300026","DUCAL R BLK BEAN 29OZ+20% FREE",3.19,"Grocery"
"04133103162","GOYA OLLUCO DESHIDRATADO 1.6OZ",2.99,"Grocery"
"04133103165","PASTA DE AJI MIRASOL 12/7.5 OZ",2.39,"Grocery"
"04133103166","PASTA DE HUACATAY 12/7.5 OZ.",2.39,"Grocery"
"04133103167","PASTA DE ROCOTO 12/7.5 OZ.",2.39,"Grocery"
"04133103168","PASTA DE AJI AMARILLO 12/7.5 O",2.39,"Grocery"
"04133103169","PASTA DE AJI PANCA 12/7.5 OZ.",2.39,"Grocery"
"04133103170","ROCOTO EN MIT EN SALMUERA 15OZ",3.59,"Grocery"
"04133103171","AJI AMARILLO ENT EN SALMUERA",3.39,"Grocery"
"04133103172","ROCOTO ENTEROS EN SALMUERA 34",6.49,"Grocery"
"08831300453","DUCAL TOMATINA RANCHERA 8 OZ.",1.09,"Grocery"
"08831300455","DUCAL TOMATINA W/CHEESE 8 OZ.",1.09,"Grocery"
"08831300457","DUCAL TOMATINA REFRIED STYLE",1.09,"Grocery"
"04133103176","CHOCOLATE PUDDING 3.5 OZ.",.99,"Grocery"
"08831328634","DUCAL TOMATINA W/ MUSHROOMS",.49,"Grocery"
"04133103179","RICE MAJARETE PUDDING",.99,"Grocery"
"04133103180","ARROZ CON LECHE 4.25 OZ",1.29,"Grocery"
"04133103181","CORN MAJARETE PUDDING 3 1/2 OZ",.99,"Grocery"
"04133103183","TEMBLEQUE 3 1/2 OZ",.99,"Grocery"
"04133103184","NATILLA 3.25 OZ",.99,"Grocery"
"04133103185","FLAN 2 OZ",.99,"Grocery"
"04133103186","FLAN 4 OZ",1.29,"Grocery"
"04133103187","FLAN WITH CARAMEL 2 3/4 OZ",1.19,"Grocery"
"04133103188","FLAN WITH CARAMEL 5 1/2 OZ",1.39,"Grocery"
"04133103190","GOYA PAN DE BONO 20/14.1 OZ",2.39,"Grocery"
"04133103191","GOYA BUNUELOS 20/14.1 OZ",1.89,"Grocery"
"04133103192","GOYA NATILLA 20/14.1 OZ",1.79,"Grocery"
"04133103200","PLAIN HONEY 16 OZ",6.99,"Grocery"
"04133103201","ELOTITOS TIERNOS 8 OZ.",2.39,"Grocery"
"04133103202","PLAIN HONEY 8 OZ",3.69,"Grocery"
"038629000279","LA MODERNA SURTIDO 8 OZ.",1.29,"Grocery"
"04133103204","PLAIN HONEY 5 OZ",2.59,"Grocery"
"04133103205","BLUE AGAVE ORGANIC SWEETENER",3.99,"Grocery"
"04133103206","COMB HONEY 8 OZ",4.49,"Grocery"
"04133103210","COMB HONEY 16 OZ",8.69,"Grocery"
"04133103211","PANELA FRACCIONADA",1.79,"Grocery"
"08831300485","DUCAL TOMATO KETCHUP 14.1 OZ.",1.49,"Grocery"
"08831300526","DUCAL TOMATINA RANCHERA 3.7 OZ",.59,"Grocery"
"08831300525","DUCAL TOMATINA CON QUESO",.59,"Grocery"
"08831300527","DUCAL TOMATINA SOFRITO 3.7 OZ.",.59,"Grocery"
"08831300528","DUCAL TOMATINA W/MUSHROOMS",.59,"Grocery"
"08831300524","DUCAL TOMATINA SEASONED STYLE",.59,"Grocery"
"04133103237","CUBITOS CHICKEN REDUCED SODIUM",1.19,"Grocery"
"04133103239","CUBITOS BEEF REDUCED SODIUM",1.19,"Grocery"
"04133103240","CUBITOS POLVO-CHICKEN 2.82 OZ",.89,"Grocery"
"04133103241","GOYA CONSUME/CUBITOS 2.82 OZ",.89,"Grocery"
"04133103242","CUBITOS POLVO-BEEF 8/ 2.82 OZ",.89,"Grocery"
"04133103243","CUBITOS POLVO-CKN/TOM 8/ 2.15",.89,"Grocery"
"04133103245","ECONO SHIPPER CUBITOS POLLO",2.29,"Grocery"
"04133103246","CUBITOS POLVO ECONO  7.05 OZ",2.29,"Grocery"
"04741604051","SULTANA COOKIES",1.19,"Grocery"
"04741603065","DUCALES CRACKERS",1.29,"Grocery"
"04741602977","DUCALES CRACKERS 10.37 OZ.",1.49,"Grocery"
"04741602979","DUX VANILLA WAFER COOKIES 24/",2.09,"Grocery"
"04741603076","DUX CHOCOLATE WAFER COOKIES 24",2.09,"Grocery"
"04741603074","DUX STRAWBERRY WAFER COOKIES",2.09,"Grocery"
"04741604095","DUX DUX CRACKERS BAG 24/8.81OZ",1.39,"Grocery"
"04741602976","FESTY VANILLA COOKIES 24/12.2",1.89,"Grocery"
"04741602975","FESTY STRAWBERRY COOKIES 24/",1.89,"Grocery"
"04741602974","FESTY CHOCOLATE COOKIES 24/",1.89,"Grocery"
"04741602982","DUX TIPO LECHE 11.32 OZ.",1.89,"Grocery"
"04741605196","DUX SALTIN INTEGRAL BRICK",1.29,"Grocery"
"04741605182","DUX SALTIN BRICK 24/7.05 OZ.",1.09,"Grocery"
"04741605128","NOEL INTEGRAL CRACKERS 24/8.82",1.39,"Grocery"
"04741605180","DUX SODA BRICK CRACKERS",1.09,"Grocery"
"04741605178","FESTY WOW 12/15.24 OZ.",2.59,"Grocery"
"01747400726","EL MINO CHORIZOS 7 OZ",5.69,"Grocery"
"01747400727","EL MINO CHORIZOS 3.5 OZ",2.89,"Grocery"
"04741605286","FESTY WOW STRAWBERRY",2.59,"Grocery"
"04741605367","DUX SALTIN PACK X 4  13.4 OZ.",2.29,"Grocery"
"047416053688","DUX SODA PACK X 4  13.4 OZ.",2.29,"Grocery"
"04133103313","CHORIZOS",2.79,"Grocery"
"04133103314","CHORIZOS-4PK  7 OZ",5.49,"Grocery"
"04133103318","GOYA CHORIZO - REDUCED SODIUM",2.49,"Grocery"
"04133103321","VIENNA SAUSAGE 4.6 OZ",.99,"Grocery"
"04133103322","VIENNA SAUSAGE 9 OZ",1.99,"Grocery"
"04133103324","VIENNA SAUSAGE HOT SAUCE 4.6",.99,"Grocery"
"04133103327","GOYA CHICKEN VIENNA 4.6 OZ",.99,"Grocery"
"04133103328","GOYA CHICKEN VIENNA 9 OZ",1.99,"Grocery"
"05340034046","SAVOY SAUSAGE 4.75 OZ",.99,"Grocery"
"08831326158","DUCAL BLACK BEANS DOY-PACK",.99,"Grocery"
"08831326144","DUCAL BLACK BEANS DOY-PACK",1.39,"Grocery"
"08831359079","DUCAL RED BEANS DOY PACK",.99,"Grocery"
"08610601165","FESTY STRAWBERRY TRAY CREME",1.69,"Grocery"
"08610601160","FESTY VANILLA TRAY CREME",1.69,"Grocery"
"08610601162","FESTY DUPLEX TRAY CREME",1.69,"Grocery"
"08831359074","DUCAL RED BEANS DOY PACK",1.39,"Grocery"
"74354204405","CAMPOFRIO SALCHIC.CERVERC2.5LB",17.19,"Grocery"
"74354204406","CAMPOFRIO SACHIC.CERVECERO 1LB",6.99,"Grocery"
"74354204402","CAMPOFRIO MALLITA SALAMI 2.5LB",17.19,"Grocery"
"74354204403","CAMPOFRIO MALLITA SALAMI 1 LB",6.99,"Grocery"
"74354204408","SALAMI HIGUERAL POPULAR 1 LB",4.89,"Grocery"
"74354204407","SALAMI HIGUERAL POPULAR 2.5 LB",12.09,"Grocery"
"74354204404","HIGUERAL MALLITA POPULAR 2PK",11.79,"Grocery"
"74354204400","CAMPOFRIO HIGUERAL SALCHIC2.5L",16.79,"Grocery"
"74354204401","CAMPOFRIO HIGUERAL SALCHIC 1LB",6.79,"Grocery"
"74354204409","JAMONADA HIGUERAL",8.49,"Grocery"
"04133103358","GOYA COOKED HAM 16 OZ.",4.99,"Grocery"
"04133103361","CORNED BEEF",5.19,"Grocery"
"04133103368","GOYA ROAST BEEF 12 OZ.",5.59,"Grocery"
"74133103374","SALCHICHON DOMINICANO 1 LB",5.19,"Grocery"
"04133103379","SALAMI-SALCHICHON  8 OZ",5.29,"Grocery"
"04133103380","SALAMI-SALCHICHON  12 OZ",7.69,"Grocery"
"04133103381","LUNCHEON MEAT  12 OZ",2.99,"Grocery"
"04133103387","POTTED MEAT  3 OZ",.69,"Grocery"
"04133103388","POTTED MEAT  5 1/2 OZ",1.09,"Grocery"
"04133103401","LARD-MANTECA  1 LB",2.49,"Grocery"
"04133103402","LARD-MANTECA  2 1/2 LB",5.99,"Grocery"
"04133103403","LARD-MANTECA  4 LB",9.59,"Grocery"
"04741622999","DUX SEMILLAS Y CEREALES",2.89,"Grocery"
"04133103519","COD IN BAG  1 LB",6.39,"Grocery"
"04133103520","BONELESS COD IN BAG  1 LB",7.29,"Grocery"
"04133103521","BONELESS POLLOCK    1 LB",4.29,"Grocery"
"04133103523","POLLOCK FILLETS 1 LB",3.99,"Grocery"
"04133103524","SMOKED HERRING FILLET 12 OZ.",5.99,"Grocery"
"04133103525","SALTED COD FILLETS 32 OZ.",25.39,"Grocery"
"04133103540","DUCAL REF.BEANS PL TIGO PROMO",1.89,"Grocery"
"08831300055","DUCAL R RED BEAN 29OZ+20% FREE",3.19,"Grocery"
"08831300294","DUCAL RFRD BLK BEANS DOY PACK",2.99,"Grocery"
"08831300454","DUCAL RED SILK RFRD BEANS 28OZ",3.19,"Grocery"
"08831300323","DUCAL RFRD BLK BEAN DOY PACK",6.29,"Grocery"
"08831300136","DUCAL BLACK REFRIED BEANS",1.89,"Grocery"
"08831300117","DUCAL RED REFRIED BEANS",1.89,"Grocery"
"08831300120","DUCAL BLK/RFRD BEAN W/JALAPENO",1.99,"Grocery"
"08831300118","DUCAL WHOLE BLK BEANS",1.79,"Grocery"
"08831300496","DUCALE RTE TAMALES IN DOYPACK",2.49,"Grocery"
"08831300491","DUCAL MNGO PNAPL NECTAR 1/12PK",6.69,"Grocery"
"08831300199","DUCAL RED SILK RFRD BEANS 14.1",1.69,"Grocery"
"08831300492","DUCAL APL PEACH NECTR FRD12PK",6.69,"Grocery"
"04133103609","SARDINES LEMON  4 1/4 OZ",2.29,"Grocery"
"04133103610","SARDINES OLIVE OIL  4 1/4 OZ",2.39,"Grocery"
"04133103611","SARDINES SPICE  4 1/4 OZ",2.29,"Grocery"
"04133103612","SARDINES TMTO SAUCE  4 1/4 OZ",2.29,"Grocery"
"04133103613","OVAL SARDINE TMTO SAUCE  15 OZ",1.89,"Grocery"
"04133103615","SARDINE TMTO SCE-TINAPA 5.5 OZ",1.19,"Grocery"
"04133103616","OVAL SARDINE HOT SAUCE 15 OZ",1.89,"Grocery"
"04133103617","SARDINE TMTO HOT-TINAPA 5.5 OZ",1.19,"Grocery"
"04133103620","OVAL SARDINES IN VEG OIL 15 OZ",2.39,"Grocery"
"04133103621","JACK MACKEREL  15 OZ",1.59,"Grocery"
"04133103622","GOYA ANGULAS SURIMI 3.88 OZ",3.89,"Grocery"
"04133103624","BACALAO VIZCAINA  4 OZ",4.79,"Grocery"
"04133103625","BONITO/ALBACORE OLIVE OIL 4 OZ",4.29,"Grocery"
"04133103626","BONITO IN TOMATE SAUCE  4 OZ",4.29,"Grocery"
"04133103627","SARDINILLA  4 1/4 OZ",2.89,"Grocery"
"04133103630","MEJILLONES ESCABECHE  4 OZ",3.09,"Grocery"
"04133103631","JACK MACKEREL IN TOMATO SAUCE",1.69,"Grocery"
"04133103632","CALAMARES EN SU TINTA  4 OZ",1.49,"Grocery"
"04133103633","FLTE CALAMARES TINTA  4 OZ",2.79,"Grocery"
"04133103634","CALAMARES EN TINTA PICANTE 4OZ",1.79,"Grocery"
"04133103637","PULPO OLIVE OIL  4 OZ",2.49,"Grocery"
"04133103638","PULPO A LA MARINERA  4 OZ",1.59,"Grocery"
"04133103639","PULPO GARLIC SAUCE  4 OZ",1.59,"Grocery"
"04133103640","PULPO HOT SAUCE  4 OZ",1.59,"Grocery"
"04133103641","OVAL SARDINE JALAPENO 15 OZ.",2.59,"Grocery"
"04133103643","OVAL SARDINE CHIPOTLE 15 OZ.",2.39,"Grocery"
"04133103647","GOYA TUNA/CORN-ATUN/ELOTE 5.82",2.29,"Grocery"
"04133103648","TUNA/MX VEG-ATUN/MX VEG 5.82",2.29,"Grocery"
"04133103649","TUNA/JLPNO-ATUN/JLPNO  5.82 OZ",2.29,"Grocery"
"04133103655","GOYA MINCED CLAMS",1.99,"Grocery"
"659740011356","VAN ECUADOR OIL TUNA 5.3 OZ.",2.79,"Grocery"
"04133103664","PINK SALMON  14.75 OZ.",5.39,"Grocery"
"04133103680","GOYA DULCE LECHE     15 OZ",3.79,"Grocery"
"04133103681","GOYA SQUEEZE DULCE LECHE 14 OZ",3.79,"Grocery"
"04133103690","SWEETENED CONDENSED MILK 14 OZ",2.19,"Grocery"
"04133103691","GOYA EVAPORATED MILK",1.29,"Grocery"
"04133151220","NELA SWTENED CONDENS FILL MILK",2.09,"Grocery"
"04133153696","NELA EVAPORATED FILLED MILK 12",1.39,"Grocery"
"04133164161","NELA QUESO DE PAPA 10 OZ",5.69,"Grocery"
"04133103701","BABY GOUDA  7 OZ",5.29,"Grocery"
"04133103708","QUESO BLANCO 12/10 OZ.",5.59,"Grocery"
"04133103709","QUESO DE FREIR 12/10 OZ.",5.69,"Grocery"
"04133103712","MANCHEGO CHEESE    12/8.82 OZ",9.99,"Grocery"
"04133103724","TILO/LINDEN FLOWER .2 OZ",2.79,"Grocery"
"04133103726","GROUND OREGANO  1.25OZ",2.99,"Grocery"
"04133103727","ALL SPICE  1.5 OZ",3.59,"Grocery"
"04133103728","ANIS SEED  1.8 OZ",3.39,"Grocery"
"04133103729","WHOLE CLOVES  1.2 OZ",3.99,"Grocery"
"04133103732","WHOLE BLACK PEPPER  1.8 OZ",4.49,"Grocery"
"04133103733","GARLIC SALT  4.2 OZ",2.89,"Grocery"
"04133103736","STAR ANIS  .75 OZ",3.19,"Grocery"
"04133103737","BAY LEAF  .20 OZ",2.49,"Grocery"
"04133103740","STICK CINNAMON  1.2 OZ",2.69,"Grocery"
"04133103741","CHILI POWDER  2.5 OZ",3.39,"Grocery"
"04133103742","JAMAICAN CURRY POWDER  1.75 OZ",2.89,"Grocery"
"04133103743","CUMMIN SEED  1.5 OZ",3.29,"Grocery"
"04133103746","GROUND CUMMIN  1.8 OZ",2.49,"Grocery"
"04133103748","GARLIC POWDER  2.6 OZ",2.99,"Grocery"
"04133103750","GROUND CINNAMON  2.1 OZ",2.89,"Grocery"
"04133103756","ONION POWDER  2.5 OZ",2.99,"Grocery"
"04133103760","MANZANILLA/CAMOMILE .40 OZ",3.19,"Grocery"
"04133103761","CRUSHED RED PEPPER  1.2 OZ",2.69,"Grocery"
"04133103763","PAPRIKA  2.17 OZ",2.99,"Grocery"
"04133103767","GROUND BLACK PEPPER 1.8 OZ",2.99,"Grocery"
"04133103769","SAZON GOYA NAT Y COMP 3.52",2.49,"Grocery"
"04133103772","SAZON GOYA ECONO SHIPPER CUL/A",2.39,"Grocery"
"04133103773","SAZON CLNTRO/ACHTE 36 ENV/6.33",3.99,"Grocery"
"04133103774","SAZON AJO Y CEBOLLA 3.52 OZ",2.49,"Grocery"
"04133103776","SAZON CLNTRO/ACHTE JUMB 6.33OZ",3.99,"Grocery"
"04133103777","SAZON AZAFRAN ECONOPAK 3.52OZ",2.39,"Grocery"
"04133103778","20/SAZON GOYA ECONOPAK 3.52 OZ",2.39,"Grocery"
"04133103779","SAZON CLNTRO/ACHTE ECON 3.52OZ",2.39,"Grocery"
"04133103781","SAZON GOYA FAMILY 12ENV/2.11OZ",1.39,"Grocery"
"04133103782","SAZON CLNTRO/ACHTE",1.09,"Grocery"
"04133103784","SAZON GOYA AZAFRAN 8ENV",1.09,"Grocery"
"04133103785","LA VINA GOLD COOK WINE",1.99,"Grocery"
"04133103786","SAZON CILANTRO Y TOMAT 8 ENV",1.09,"Grocery"
"04133103787","LA VINA RED COOK WINE 25.4 OZ",1.99,"Grocery"
"04133103789","LA VINA WHITE COOK WINE 25.4OZ",1.99,"Grocery"
"04133103790","SAZON CULANTRO Y ACHIOTE L SOD",2.49,"Grocery"
"04133103791","TACO SEASONING MIX",1.49,"Grocery"
"04133103792","PICADILLO SEASONING MIX",.00,"Grocery"
"04133103793","FAJITA SEASONING MIX",1.49,"Grocery"
"04133103794","SAZ CULANT/ACHIOTE JUM LOW SOD",4.29,"Grocery"
"08901610057","EDMUNDO GOLDEN COOK WINE 25.4O",2.69,"Grocery"
"04133103801","GOYA SALT 33% LESS SODIUM",3.09,"Grocery"
"04133103802","SAZONADOR TOTL CON PMENTA GOYA",2.59,"Grocery"
"04133103804","WHITE COOKING WINE 25.4 OZ",2.29,"Grocery"
"04133103805","RED COOKING WINE 25.4 OZ",2.29,"Grocery"
"04133103806","OREGANO LEAF 1.5 OZ.",2.19,"Grocery"
"04133103807","OREGANO LEAF  .40 OZ",3.19,"Grocery"
"04133103808","GOLDEN COOKING WINE 25.4 OZ",2.29,"Grocery"
"04133103810","GARLIC POWDER  8 OZ",3.69,"Grocery"
"04133103811","GROUND CUMMIN  5.5 OZ",3.29,"Grocery"
"04133103812","ONION POWDER   6.75 OZ",3.99,"Grocery"
"04133103813","BAY LEAF .75 OZ.",1.99,"Grocery"
"04133103814","GROUND PEPPER  6 OZ",4.49,"Grocery"
"04133103815","SALT  26 OZ",1.09,"Grocery"
"04133103816","ADOBO WITH LEMON  8 OZ",1.49,"Grocery"
"04133103817","ADOBO CON NARANJA AGRIA 8 OZ",1.49,"Grocery"
"04133103819","ADOBO CON PIQUE 8 OZ",1.49,"Grocery"
"04133103820","ADOBO WITH CUMMIN  8 OZ",1.29,"Grocery"
"04133103821","ADOBO WITH CUMMIN  12 OZ",1.99,"Grocery"
"04133103822","ADOBO WITH CUMMIN  16.5 OZ",2.39,"Grocery"
"04133103823","ADOBO WITHOUT PEPPER 12 OZ",1.99,"Grocery"
"04133103824","ADOBO WITH PEPPER 12 OZ",1.99,"Grocery"
"04133103827","ADOBO WITH PEPPER 16.5 OZ",2.39,"Grocery"
"04133103828","ADOBO WITH PEPPER  8 OZ",1.29,"Grocery"
"04133103829","ADOBO WITHOUT PEPPER  8 OZ",1.29,"Grocery"
"04133103830","ADOBO WITHOUT PEPPER 16.5 OZ",2.39,"Grocery"
"04133103831","ACHIOTE/ANNATTO SEED  2.6 OZ",2.79,"Grocery"
"04133103832","ACHIOTE/ANNATTO SEED  8 OZ",2.99,"Grocery"
"04133103834","ADOBO NARANJA AGRIA  16.5 OZ.",2.69,"Grocery"
"04133103835","ADOBO CON LIMON  16.5 OZ.",2.69,"Grocery"
"04133103836","ADOBO LIGHT WITH PEPPER 8 OZ",1.49,"Grocery"
"04133103837","HAM FLAVORED CONC  8 ENV",.99,"Grocery"
"04133103838","HAM FLAVOR CONCENTRATE 20 PKTS",2.39,"Grocery"
"04133103839","ADOBO LIGHT WITHOUT PEPPER 8OZ",1.49,"Grocery"
"04133103840","SALAD AND VEG. SEASONING 8 ENV",.99,"Grocery"
"04133103841","GOYA SALAD & VEGETABLE SEASONI",2.45,"Grocery"
"04133103842","ADOBO CON PMTA  28 OZ",3.89,"Grocery"
"04133103843","ADOBO SIN PMTA  28 OZ",3.89,"Grocery"
"04133103844","ADOBO CON COMINO  28 0Z",3.89,"Grocery"
"04133103845","CRUZMALTA YERBAMATE BAG 2.7 OZ",1.49,"Grocery"
"04133103846","CRUZ MALTA YERBA MATE",7.79,"Grocery"
"04133103847","CRUZ MALTA YERBA MATE  17.6 OZ",4.69,"Grocery"
"04133103848","CRUZ MALTA YERBA MATE NARANJA",4.69,"Grocery"
"04133103849","CRUZ MALTA YERBA MATE LIMON",4.69,"Grocery"
"04133103851","RED HOT TABASCO PEPPERS 3 OZ",1.19,"Grocery"
"04133103852","RED HOT TABASCO PEPPERS 6 OZ",2.39,"Grocery"
"04133103853","GREEN HOT TABASCO PEPPERS 3 OZ",1.19,"Grocery"
"04133103854","GREEN HOT TABASCO PEPPERS 6 OZ",2.39,"Grocery"
"04133103855","RED HOT SAUCE 3 OZ",.59,"Grocery"
"04133103856","ADOBO CON AZAFRAN  8 OZ",1.49,"Grocery"
"04133103857","RED HOT SAUCE  6 OZ",.89,"Grocery"
"04133103858","ADOBO CON AZAFRAN  16.5 OZ",2.79,"Grocery"
"04133103859","RED HOT SAUCE  12 OZ",1.79,"Grocery"
"04133103860","ADOBO LIGHT WITH PEPPER 28 OZ",4.39,"Grocery"
"04133103861","ADOBO LIGHT WITHOUT PEPPER 28",4.39,"Grocery"
"04133103862","GOYA KETCHUP   16/20 OZ.",1.99,"Grocery"
"04133103863","SALSA DE ESPAGUETI TRADITIONAL",.00,"Grocery"
"04133103864","SALSA DE ESPEGUITI TRADITIONAL",2.79,"Grocery"
"04133103867","MAYONNAISE 16 OZ.",2.59,"Grocery"
"04133103868","MAYONNAISE 30 OZ.",3.79,"Grocery"
"04133103869","MAYONNAISE W/LIME 16 OZ.",2.59,"Grocery"
"04133103870","MAYONNAISE W/LIME 30 OZ.",3.79,"Grocery"
"04133103871","GOYA MAYOKETCHUP 12/16 OZ.",2.79,"Grocery"
"04133103872","GOYA MINCED GARLIC SHIPPER",1.79,"Grocery"
"04133103874","ADOBO CON LIMON 28 OZ",4.39,"Grocery"
"04133103875","HAM FLAVORED CONC RED SOD 8ENV",1.19,"Grocery"
"04133103876","BREAD CRUMBS W/SAZONADOR TOTAL",2.29,"Grocery"
"04133103877","ADOBO CON NARANJA 28 OZ",4.39,"Grocery"
"04133103878","PASTA SAUCE GARLIC/CILANTRO",2.79,"Grocery"
"04133103879","PASTA SAUCE MARINARA",2.79,"Grocery"
"04133103880","PASTA MEAT SAUCE 25 OZ.",2.99,"Grocery"
"04133103881","PASTA SAUCE TOMATO & BASIL",2.79,"Grocery"
"04133103882","SAZONADOR TOTAL",7.49,"Grocery"
"04133103883","SAZONADOR TOTAL GOYA",3.89,"Grocery"
"04133103884","SAZONADOR TOTAL GOYA 11 OZ.",2.59,"Grocery"
"04133103885","SAZONADOR TOTAL GOYA 5.5 OZ.",1.69,"Grocery"
"04133103887","ACHIOTINA VEGETAL 10.25 OZ",2.79,"Grocery"
"04133103888","ACHIOTINA  5 OZ",1.89,"Grocery"
"04133103889","ACHIOTINA  10.25 OZ",2.79,"Grocery"
"04133103890","GOYA SEA SALT 23 OZ.",2.19,"Grocery"
"04133103891","VANILLA EXTRACT  1 OZ",3.59,"Grocery"
"04133103892","GOYA ADOBO CON PIMIENTA",.00,"Grocery"
"04133103893","GOYA ADOBO SIN PIMIENTA",.00,"Grocery"
"04133103894","SAZONADOR TOTAL SHIPPER 11 OZ.",2.99,"Grocery"
"04133103903","ADOBO CON CULANTRO Y ACHIOTE",1.49,"Grocery"
"04133103904","ADOBO CON CULANTRO Y ACHIOTE",4.39,"Grocery"
"04133103905","GOYA SQUEEZE MINCED GARLIC",4.39,"Grocery"
"04133103907","SALSA CHIPOTLE 7 OZ.",1.19,"Grocery"
"04133103909","GOYA DICED TOMATOES 24/14.5 OZ",1.19,"Grocery"
"04133103910","GOYA CHOPPED GARLIC 32 OZ",3.79,"Grocery"
"04133103911","GOYA GARLIC PASTE 28 OZ",4.29,"Grocery"
"04133103912","GOYA GARLIC MINCED  4 1/2 OZ",2.09,"Grocery"
"04133103913","GOYA MINCED GARLIC  8 OZ",2.89,"Grocery"
"04133103914","GOYA MINCED GARLIC 32 OZ",3.79,"Grocery"
"04133103915","GOYA PALMITOS WHOLE CAN",2.79,"Grocery"
"04133103916","GOYA PALMITOS SALAD CUT",2.19,"Grocery"
"04133103917","GOYA WHOLE PEELED TOMATOES",1.99,"Grocery"
"04133103918","ARTICHOKE MARIN OLIVE OIL 6 OZ",1.79,"Grocery"
"04133103919","ARTICHOKE HEARTS IN BRINE 14OZ",3.79,"Grocery"
"04133103920","GOYA PIQUILLO PIMIENTOS 6.7 OZ",1.69,"Grocery"
"04133103921","FANCY RED PIMIENTOS 7 OZ",1.29,"Grocery"
"04133103922","GOYA CRUSHED TOMATOES 28 OZ.",1.99,"Grocery"
"04133103923","FANCY RED PIMIENTOS 14 OZ",1.99,"Grocery"
"04133103926","ITALIAN STYLE ROASTED PIMIENTO",2.59,"Grocery"
"04133103927","FANCY RED PIMIENTOS",1.89,"Grocery"
"04133103928","FANCY RED PIMIENTOS 6.5 OZ",1.49,"Grocery"
"04133103929","FANCY RED PIMIENTOS 4 OZ",1.39,"Grocery"
"04133103930","FANCY SLICED RED PIMIENTOS 4OZ",1.29,"Grocery"
"04133103931","CIDER VINEGAR  1 PINT",.99,"Grocery"
"07369300150","CHOCOLATE EMBAJADOR 9.17 OZ",1.69,"Grocery"
"04133103933","CIDER VINEGAR  1 QT",1.49,"Grocery"
"04133103934","GOYA HOT TOMATO SAUCE  8 OZ",.59,"Grocery"
"04133103935","WHITE VINEGAR  1 PINT",.79,"Grocery"
"04133103936","GOYA TOMATO, CLIANTRO, ONION,G",.59,"Grocery"
"04133103937","WHITE VINEGAR  1 QT",1.09,"Grocery"
"04133103938","GOYA WHITE VINEGAR 6/128 OZ.",2.99,"Grocery"
"04133103939","RED WINE VINEGAR  16 OZ",.89,"Grocery"
"04133103941","GOYA MONO-BOW 20/7 OZ.",2.19,"Grocery"
"04133103942","GOYA SODA CRACKERS",1.99,"Grocery"
"02924300102","LA MODERNA PASTA DISPLAY",.39,"Grocery"
"04133103944","CRACKER MEAL  6 OZ",1.09,"Grocery"
"04133103945","GOYA TROPICAL CRACKERS",2.59,"Grocery"
"04133103946","GOYA CALABAZA PASTA SHAPE",1.39,"Grocery"
"04133103947","TROPICAL CRACKER",.79,"Grocery"
"04133103948","LOW SODIUM TOMATO SAUCE  8 OZ",.49,"Grocery"
"04133103950","GOYA SODA CRACKERS  24 OZ",5.29,"Grocery"
"04133103951","LASAGNE 17.63 OZ.",2.69,"Grocery"
"04133103952","RIGATONI  16 OZ",.99,"Grocery"
"04133103953","GOYA TOMATO SAUCE 12/29 OZ.",1.79,"Grocery"
"04133103955","GOYA CHOCOLATE  7 OZ.",1.99,"Grocery"
"07613610300","MENIER CHOCOLATE 7 OZ.",2.59,"Grocery"
"07369300100","CORTES CHOCOLATE 7 OZ.",1.99,"Grocery"
"04133103958","CUT ZITI 16 OZ",.99,"Grocery"
"04133103959","FUSILLI  16 OZ",.99,"Grocery"
"04133103961","TOMATO SAUCE  8 OZ",.49,"Grocery"
"04133103962","PENNE RIGATE 16 OZ",.99,"Grocery"
"04133103963","SALSA DE TOMATE GOYA 15 OZ",.89,"Grocery"
"04133103964","SPAGHETTI 16 OZ",.99,"Grocery"
"04133103965","ELBOWS 16 OZ",.99,"Grocery"
"04133103966","SHELLS 16 OZ",.99,"Grocery"
"04133103967","VERMICELLI 16 OZ",.99,"Grocery"
"04133103968","TOMATO PASTE 18 OZ",1.89,"Grocery"
"04133103969","TOMATO PASTE 6 OZ",.79,"Grocery"
"04133103970","TOMATO PASTE 28 OZ",2.39,"Grocery"
"04133103971","FIDELINI  6 OZ",1.09,"Grocery"
"04133103972","VERMICELLI  7 OZ",.49,"Grocery"
"04133103973","FIDELINI  12 OZ",1.89,"Grocery"
"04133103974","FIDEO  7 OZ",.49,"Grocery"
"04133103975","CABELLO DE ANGEL 12 OZ",1.89,"Grocery"
"04133103976","CABELLO DE ANGEL 6 OZ",1.09,"Grocery"
"04133103977","LETRAS/ALPHABETS 7 OZ",.49,"Grocery"
"04133103978","LENGUA  7 OZ",.49,"Grocery"
"04133103979","CODITOS/ELBOWS 7 OZ",.49,"Grocery"
"04133103980","SPAGHETTI  7 OZ",.49,"Grocery"
"04133103981","ESTRELLAS/STARS 7 OZ",.49,"Grocery"
"04133103982","CONCHAS/SHELLS 7 OZ",.49,"Grocery"
"04133103983","THICK FIDELINI 12/12 OZ.",1.89,"Grocery"
"04133103984","MALTA GOYA 4/6 PACK  12 OZ",4.99,"Grocery"
"04133103985","LOOSE MALTA  12 OZ",1.49,"Grocery"
"04133103986","GUAVA SODA  12 OZ",.89,"Grocery"
"04133103988","PINEAPPLE SODA 12 OZ",.89,"Grocery"
"04133103990","TAMARIND SODA  12 OZ",.89,"Grocery"
"04133103992","MANADARIN ORANGE  12 OZ",.89,"Grocery"
"04133103994","LEMON LIME SODA 12 OZ",.89,"Grocery"
"04133103996","FRUIT PUNCH  12 OZ",.89,"Grocery"
"04133103998","COLA CHAMPAGN C.AMERICANA 12OZ",.89,"Grocery"
"04133104000","COCONUT SODA  12 OZ",.89,"Grocery"
"04133104002","GINGER BEER  12 OZ",.89,"Grocery"
"04133104004","STRAWBERRY SODA  12 OZ",.89,"Grocery"
"04133104006","MALTA GOYA  4/6PK  7 OZ",4.19,"Grocery"
"04133104008","MALTA GOYA 4/10 PACK  7 OZ",5.99,"Grocery"
"04133104012","MALTA LIGHT LOOSE 12 OZ",.79,"Grocery"
"04133104018","MORENA MALTA ALEMANA 12 OZ",1.09,"Grocery"
"04133104019","APPLE SODA  12 OZ",.89,"Grocery"
"04133104021","GRAPE SODA  12 OZ",.89,"Grocery"
"04133104025","MALTA 12 PACK CUBE  12 OZ",10.49,"Grocery"
"04133104032","SANGRIA 12 OZ.",.89,"Grocery"
"04133104034","GUARANA SODA 12 OZ",.89,"Grocery"
"04133104056","MALTA AZUCAR DE CANA",.89,"Grocery"
"04133104060","TROPICOLA SODA 4/6PK/12 OZ",3.59,"Grocery"
"04133104063","TROPICOCO SODA 4/6 PK 12 OZ",3.59,"Grocery"
"04133104065","GOYA CRACKERS SHIPPER",2.59,"Grocery"
"04133104100","GOYA 2 LITER COLA CHAMPAGNE",1.59,"Grocery"
"04133104101","GOYA 2 LITER TROPICOLA",1.59,"Grocery"
"04133104102","GOYA 2 LITER COCONUT SODA",1.59,"Grocery"
"04133104103","GOYA 2 LITER STRAWBERRY",1.59,"Grocery"
"04133104104","GOYA 2 LITER GINGER BEER",1.59,"Grocery"
"04133104105","GOYA 2 LITER FRUIT PUNCH",1.59,"Grocery"
"04133104106","GOYA 2 LITER PINEAPPLE SODA",1.59,"Grocery"
"04133104120","GOYA CANE COLA CHAMPAGNE LOOSE",.99,"Grocery"
"04133104121","GOYA CANE COCONUT SODA LOOSE",.99,"Grocery"
"04133104122","GOYA CANE PINEAPPLE SODA LOOSE",.99,"Grocery"
"04133104170","GOYA FLORIDA WATER 9 OZ",2.99,"Grocery"
"071512872201","GALLETAS SULTANA ESTRELLITAS",6.59,"Grocery"
"00036220591","COLADORES-COFFEE STRAINERS 1PK",2.39,"Grocery"
"07478600001","LA CUBANITA GUAVA CREAM",3.89,"Grocery"
"07478600002","LA CUBANITA GUAVA W/JELLY",4.29,"Grocery"
"07478600011","LA CUBANITA MILK CREAM",3.79,"Grocery"
"07478600016","LA CUBANITA GUAVA & MILK CREAM",3.69,"Grocery"
"07478600150","LA CUBANITA SUGAR FREE GUAVA P",5.69,"Grocery"
"04133104900","GOYA ECUADOR STYLE PLATANITOS",.79,"Grocery"
"04133104911","CASSAVA CHIPS GARLIC 4 OZ",1.79,"Grocery"
"04133104912","PLANTAIN CHIPS SHIPPER",1.99,"Grocery"
"04133104915","SWEET PLANTAIN CHIPS",1.99,"Grocery"
"04133104916","SWEET POTATO CHIPS",1.99,"Grocery"
"04133104921","GOYA BARBECUE CHICHARRONES",1.69,"Grocery"
"04133104922","TORTILLA CHIP-DELI STYLE 16 OZ",2.69,"Grocery"
"04133104924","PLANTAIN CHIPS 10 OZ",3.59,"Grocery"
"04133104925","PLANTAIN CHIPS  5 OZ",1.99,"Grocery"
"04133104927","PLANTAIN CHIPS  2 OZ.",.99,"Grocery"
"04133104932","PLANTAIN NO SALT CHIPS 5 OZ",1.99,"Grocery"
"04133104933","PLANTAIN GARLIC CHIPS 5 OZ",1.99,"Grocery"
"04133104934","PLANTAIN STRIPS  3.5 OZ",1.79,"Grocery"
"04133104935","CHICHARRONES  3 OZ",1.69,"Grocery"
"04133104936","CHICHARRONES HOT & SPICY",1.69,"Grocery"
"04133104938","CRACKLING PORK RIND 2 OZ",1.59,"Grocery"
"04133104939","CRACKLING PORK RIND 5 OZ",3.39,"Grocery"
"04133104941","CASSAVA CHIPS 4.0 OZ",1.79,"Grocery"
"04133104942","MARIA CRACKER  3.5 OZ",.79,"Grocery"
"04133104943","MARIA CRACKER  7 OZ",1.39,"Grocery"
"04133104944","MARIA CRACKERS FAM PK 28.2 OZ",3.29,"Grocery"
"04133104947","PALMERITA COOKIES  5.82 OZ",1.49,"Grocery"
"04133104948","CRACKERS",1.49,"Grocery"
"04133104951","MARIA 3 PACK (FLOW PACK)",1.99,"Grocery"
"04133104952","TROP BUTTER CRACKER  3 OZ",.79,"Grocery"
"04133104954","TROP BUTTER CRACKER  12 OZ",2.79,"Grocery"
"04133104955","SNACK CRACKERS  12 OZ",2.79,"Grocery"
"04133104957","WHL WHEAT SNACK CRACKER 12 OZ",2.79,"Grocery"
"04133104958","SESAME SEED SNK CRACKER 12 OZ",2.79,"Grocery"
"04133104959","GARLIC SNACK CRACKERS 12 OZ",2.79,"Grocery"
"04133104961","CASSAVA BREAD NAT CLASSIC 11OZ",2.49,"Grocery"
"04133104962","LADY FINGERS  7 OZ",1.39,"Grocery"
"04133104963","CASSAVA BREAD NAT CLASSIC 8OZ",1.79,"Grocery"
"04133114964","GOYA VANILLA WAFER SMK 6/12PK",4.99,"Grocery"
"04133114965","GOYA STRAWBERRY WAFER SNACK",4.99,"Grocery"
"04133114966","GOYA CHOCO WAFER SNACK 6/12 PK",4.99,"Grocery"
"04133104967","PALMERITAS 2.91 OZ.",.79,"Grocery"
"04133104968","MARIA CHOCOLATE 3.5 OZ.",.89,"Grocery"
"04133104969","MARIA CHOCOLATE 7 OZ.",1.69,"Grocery"
"04133104971","GOYA CHOCO-VANILLA WAFER",.99,"Grocery"
"04133104974","GOYA WAFER REGULAR DISPLAY 5.6",.99,"Grocery"
"04133104975","GOYA WAFER VANILLA COOKIES",.99,"Grocery"
"04133104976","GOYA WAFER STRAWBERRY COOKIES",.99,"Grocery"
"04133104977","GOYA WAFER GUAVA COOKIES",.99,"Grocery"
"04133104978","GOYA WAFER DULCE LECHE COOKIES",.99,"Grocery"
"04133104979","GOYA WAFER CHOCOLATE COOKIES",.99,"Grocery"
"04133104980","GOYA WAFER PINEAPPLE COOKIES",.99,"Grocery"
"04133104981","GOYA WAFER COCONUT COOKIES",.99,"Grocery"
"04133104982","GOYA WAFER MANGO COOKIES",.99,"Grocery"
"04133104983","GOYA WAFER TROPICAL DISPLY 5.6",.99,"Grocery"
"04133104987","GOYA VANILLA-STRAWBERRY WAFER",.89,"Grocery"
"04133104988","GOYA CHOCOLATE-VANILLA WAFER",.89,"Grocery"
"04133104989","GOYA STRWBERRY-CHOCOLATE WAFER",.89,"Grocery"
"04133104990","GALLETAS MARIA SIN AZUCAR 7 OZ",1.39,"Grocery"
"04133105008","SAZONADOR TOTAL GOYA",141.39,"Grocery"
"613522012102","TRES ESTRELLAS PANCAKES",1.99,"Grocery"
"04133105034","GOYA INSTANT OATS 32 OZ",2.69,"Grocery"
"04133105035","GOYA CEBADA ROSADA/BARLEY 12 O",1.99,"Grocery"
"04133105036","GOYA AVENA HOJUELAS/OATS",1.19,"Grocery"
"04133105037","GOYA HORCHATA MORRO 12 OZ",1.99,"Grocery"
"04133105038","GOYA HORCHATA 12 OZ",1.99,"Grocery"
"04133105039","GOYA PINOL/GRD TSTD CORN 12 OZ",1.99,"Grocery"
"04133105040","GOYA PINOLILLO/CORN MEAL 12 OZ",1.99,"Grocery"
"04133105041","GOYA INSTANT OATS 17.63 OZ.",.00,"Grocery"
"04133105052","GOYA ORGANIC QUINOA 12 OZ.",5.49,"Grocery"
"04133105053","GOYA PURPLE CORN",2.89,"Grocery"
"04133105056","PAPA SECA  24/12 OZ.",1.69,"Grocery"
"04133105057","QUINOA SEEDS 24/12 OZ.",4.49,"Grocery"
"85467500500","HARINA PAN WHITE 5 LBS",7.19,"Grocery"
"87073900208","DONAREPA WHITE CORN FLOUR",2.49,"Grocery"
"87073900205","DONAREPA YELLOW CORN FLOUR",2.49,"Grocery"
"739907002311","HARINA PAN SWEET CORN MIX",1.99,"Grocery"
"04133105073","YELLOW CORN MASAREPA 35.2 OZ.",2.29,"Grocery"
"04133105074","WHITE CORN MASAREPA 35.2 OZ.",2.29,"Grocery"
"04133105075","MASAREPA-WHITE  5 LB",5.99,"Grocery"
"04133105076","YELLOW MASAREPA  5 LB",5.99,"Grocery"
"04133105077","MASAREPA-WHITE  24 OZ",2.09,"Grocery"
"04133105078","MASAREPA-YELLOW  24 OZ",2.09,"Grocery"
"04133105079","BULGUR WHEAT-KIEPE 24 OZ FINE",2.49,"Grocery"
"04133105080","BULGUR WHEAT KIEPE  24 OZ",2.49,"Grocery"
"04133105083","MASARICA 10/4 LBS 64 0Z.",3.99,"Grocery"
"04133105086","FINE CORN MEAL   5 LB",4.99,"Grocery"
"04133105087","COARSE CORN MEAL 5 LB",4.99,"Grocery"
"04133105089","RICE FLOUR 5 LB",8.29,"Grocery"
"04133105090","AITOS SHRIMP & COD FRITTER",1.49,"Grocery"
"04133105091","FARINHA MANDIOCA 240Z",5.29,"Grocery"
"04133105093","YUCA HARINA 24 OZ",3.69,"Grocery"
"04133105097","BACALAITOS DISPLAY  4.5 OZ",1.39,"Grocery"
"04133105098","GOYA BACALAITOS  4.5 OZ",1.49,"Grocery"
"04133105099","COARSE CORN MEAL  24 OZ",1.49,"Grocery"
"04133105100","FINE CORN MEAL  24 OZ",1.49,"Grocery"
"04133105101","FINE CORN MEAL  12 OZ.",.79,"Grocery"
"04133105102","COARSE CORN MEAL  12 OZ",.79,"Grocery"
"04133105103","WHEAT FLOUR  12 OZ",.79,"Grocery"
"04133105104","WHEAT FLOUR  24 OZ",1.49,"Grocery"
"04133105105","RICE FLOUR  12 OZ",1.35,"Grocery"
"04133105106","RICE FLOUR/HARINA DE ARROZ 24",2.59,"Grocery"
"04133105108","EXTRA FINE CORN FLOUR 12 OZ",.79,"Grocery"
"04133105109","EXTRA FINE CORN FLOUR 24 OZ",1.49,"Grocery"
"61352202100","TRES ESTRELLAS RICE FLOUR 17.6",1.39,"Grocery"
"61352202101","TRES ESTRELLAS CHURRO MIX 17.6",2.09,"Grocery"
"05181751610","CHOCOLISTO   12/10.5 OZ",1.69,"Grocery"
"05181750513","CHOCOLISTO 6/35 OZ",4.69,"Grocery"
"05181750510","SWEET CORONA CHOCOLATE 20/17.6",2.19,"Grocery"
"05181750341","CHOCOLISTO STRWBRRY POWDER MIX",1.69,"Grocery"
"05181750342","CORONA INSTANT CHOCOLATE FLASH",2.39,"Grocery"
"05181750344","SWEET CORONA CHOCOLATE VANILLA",1.29,"Grocery"
"05181750511","SWEET CORONA CHOCOLATE 8.8 OZ",1.29,"Grocery"
"05181750338","SWEET CORONA CHOC CINN CLOVE",1.29,"Grocery"
"61352202109","TRES ESTRELLAS BUNUELOS FLR MX",2.09,"Grocery"
"07614220501","CORTES INST CHOCOLATE DRNK MIX",3.29,"Grocery"
"01352202106","3 ESTRELLAS ATOLE FRESA 1.76 O",.39,"Grocery"
"01352202104","3 ESTRELLA ATOLE VAINILLA 1.76",.39,"Grocery"
"01352202105","3 ESTRELLA ATOLE CHOCLATE 1.76",.39,"Grocery"
"04133105131","GOYA MAIS MOULIN 24 OZ.",1.59,"Grocery"
"02924300505","LA MODERNA DUROS RUEDA 1/33LB",.89,"Grocery"
"02924300506","LA MODERNA DUROS CUADRO PEQ",.89,"Grocery"
"02924300507","LA MODERNA DUROS CUADROS GRAN",.89,"Grocery"
"04133105136","GOYA DUROS RUEDA  24/7OZ",1.19,"Grocery"
"04133105137","GOYA DUROS CUADRO  24/7 OZ.",1.19,"Grocery"
"04133105138","GOYA DUROS LAGRIMA  24/7OZ",1.19,"Grocery"
"07369300107","CORTES MOLIDO LITE POUCH 10OZ",3.99,"Grocery"
"07369300105","CORTES MOLIDO POUCH 12 OZ",3.59,"Grocery"
"07369300103","CORTES MOLIDO POUCH  6 OZ",2.29,"Grocery"
"66144000002","ZULKA AZUCAR MORENA/SUGAR 2 LB",2.69,"Grocery"
"66144000021","ZULKA AZUCAR MORENA/SUGAR 4 LB",4.59,"Grocery"
"04133105210","GOYA TE TILO 1.32 OZ",1.99,"Grocery"
"04133105211","GOYA TE LAXANTE 1.32 OZ.",5.29,"Grocery"
"04133105212","GOYA TE MANZANILLA ANIS 1.06",2.39,"Grocery"
"04133105213","GOYA TE MANZANILLA 1.06 OZ.",1.99,"Grocery"
"04133105214","GOYA TE LINDOS SUENOS",5.29,"Grocery"
"04133105215","GOYA TE NEGRO 1.32 OZ.",2.39,"Grocery"
"04133105216","GOYA TE VERDE 1.32 OZ.",3.39,"Grocery"
"04133105223","GOYA DECAFF. BRICK PACK 8.8 OZ",4.59,"Grocery"
"04133105229","DECAFINATED COFFEE 10 OZ",4.69,"Grocery"
"04133105236","COFFEE BRICK-PAK 8.8 OZ",3.79,"Grocery"
"04133105237","COFFEE BRICK PK DISPLAY 8.8 OZ",3.79,"Grocery"
"04133105238","GOYA COFFEE VACUUM CANS 10 OZ",4.39,"Grocery"
"04133105239","COFFEE VACUUM CANS",9.79,"Grocery"
"04133105243","CAFE GOYA SINGLE SERVE",7.69,"Grocery"
"04133105251","GOYA COFFEE 1/4 PALLET DISPLAY",3.79,"Grocery"
"02800046701","NESCAFE CLASICO",3.39,"Grocery"
"02800046942","NESCAFE CLASSICO",5.99,"Grocery"
"02800046631","NESCAFE CLASICO",11.39,"Grocery"
"02800046298","NESCAFE CLASICO",12.59,"Grocery"
"028000054231","NESCAFE CLASICO DECAF",13.29,"Grocery"
"02800045000","NESCAFE CAFE CN LECHE 10.58 OZ",6.79,"Grocery"
"02800071456","NESCAFE CAFE DE OLLA",11.99,"Grocery"
"02800029978","NESTLE ABUELITA GRANULADO 11.2",5.19,"Grocery"
"02800073609","MAGGI CASERAS CHKN W VEGE SOUP",1.29,"Grocery"
"02800073607","MAGGI CASERAS VEGE NOODLE SOUP",1.29,"Grocery"
"02800088105","MAGGI VEGETABLE CUBE 20 COUNT",1.59,"Grocery"
"028000307257","MAGGI SO JUICY MEDITERRANEAN",1.99,"Grocery"
"02800051115","MAGGI BEEF BOUILLON 7.9 OZ.",2.69,"Grocery"
"02800023317","NIDO 1 + KINDER",17.09,"Grocery"
"02800088101","MAGGI BEEF CUBE 20 COUNT",1.49,"Grocery"
"02800088103","MAGGI CHICKEN CUBE 20 COUNT",1.49,"Grocery"
"02800012387","MAGGI CHKN 24 TAB 10.2 OZ",1.89,"Grocery"
"02800050031","MAGGI BEEF CUBES 6 TAB 2.32 OZ",.79,"Grocery"
"02800024795","MAGGI CHKN CUBES 6 TAB 2.32 OZ",.79,"Grocery"
"02800011567","MAGGI CHKN CUBES 12TAB 4.86 OZ",1.15,"Grocery"
"02800050076","MAGGI CHKN CUB DR 6TAB 2.54 OZ",.89,"Grocery"
"02800051041","MAGGI CHKN NOODLE SOUP 2.11 OZ",.79,"Grocery"
"02800051601","MAGGI CHKN RICE SOUP 2.11 OZ",.79,"Grocery"
"02800051611","MAGGI BEEF NOODLE SOUP 2.11 OZ",.79,"Grocery"
"02800051591","MAGGI CRM OF CHKN SOUP 2.32 OZ",.89,"Grocery"
"02800051731","MAGGI SEAFOOD SOUP 3 OZ",.89,"Grocery"
"02800051310","MAGGI POLLO C/CARACOL 2.11 OZ",.79,"Grocery"
"02800021319","MAGGI CHKN BOUILLON JARS 3.5OZ",1.39,"Grocery"
"02800080319","MAGGI CHKN BOUILLON JARS 7.9OZ",2.49,"Grocery"
"02800070319","MAGGI CHKN BOUILLON JAR 15.9OZ",4.39,"Grocery"
"02800010905","MAGGI CHICKEN GRAN BAG 6X2.2LB",5.89,"Grocery"
"04345607690","MAGGI CKN BOUILLON 8TBS 3.38OZ",.89,"Grocery"
"04345607350","MAGGI SEASONING SAUCE 3.38 OZ",1.69,"Grocery"
"02800068320","LA LECHERA SQUEEZE 15.8 OZ",5.29,"Grocery"
"02800051811","LA LECHERA SIX PACK 6/3.5 OZ",7.29,"Grocery"
"02800051780","LA LECHERA CONDENSED MILK14 OZ",2.79,"Grocery"
"02800051720","NESTLE MEDIA CREMA 7.6 OZ",2.59,"Grocery"
"02800051886","NESTLE DULCE LECHE 13.4 OZ",4.39,"Grocery"
"02800036971","MILO POWDER JAMAICAN 14.1 OZ",6.69,"Grocery"
"02800070497","MILO READY TO DRINK 8 OZ",1.19,"Grocery"
"02800003317","NIDO POWERED MILK 12.69 OZ",6.99,"Grocery"
"02800092317","NIDO DRY WHOLE MILK 12/1.76LB",14.79,"Grocery"
"02800082317","NIDO 6/3.52 LBS",25.39,"Grocery"
"02800033317","NIDO 1+KINDER CRECIMIENTO",7.89,"Grocery"
"71966500059","LA LECHERA FAT FREE 24/14 OZ.",3.39,"Grocery"
"02800013317","NIDO 1 KINDER/CRECIMIENTO",30.49,"Grocery"
"02800000165","NESTUM WHEAT AND HONEY 10.5 OZ",3.29,"Grocery"
"02800089169","NESTUM 3 CEREAL 14.1 OZ",5.69,"Grocery"
"02800014972","CERELAC WHEAT W/ MILK 14.1 OZ",8.29,"Grocery"
"02800052553","ABUELITA INST CHOCLATE 12/8 OZ",2.99,"Grocery"
"02800015785","ABUELITA CHOCOLATE 6 TAB",5.59,"Grocery"
"02800061354","ABUELITA SYRUP 12/16 OZ",3.49,"Grocery"
"02800011364","LA LECHERA DULCE DE LECHE SQUE",6.19,"Grocery"
"02800003312","NESTUM 5 CEREALS 12/10.6 OZ.",5.19,"Grocery"
"02800075322","ABUELITA CHOCOLATE 10 TAB",3.69,"Grocery"
"02800024983","LA LECHERA SCM 7 OZ.",1.49,"Grocery"
"7462275401198","BALANCE WT CTRL INST OAT CINNA",.89,"Grocery"
"7462275401204","BALANCE WT CTRL INST OAT VANIL",3.69,"Grocery"
"03852710900","FRESCAVENA VANILLA",3.09,"Grocery"
"03852710910","FRESCAVENA CINNAMON",3.09,"Grocery"
"03852710950","FRESCAVENA STRAWBERRY",3.09,"Grocery"
"03000007100","QUAKER FARINA 16 OZ 3000007100",2.59,"Grocery"
"03000007120","QUAKER FARINA 28 OZ",4.29,"Grocery"
"03000010573","QUAKER FARINA CINNAMON",2.59,"Grocery"
"46227540208","QUAKER INSTANT OATS ORIGINAL",1.99,"Grocery"
"03852713502","OAT QUICK COOKING",5.69,"Grocery"
"33852713504","OAT QUICK COOKING  12/11.6 OZ",2.99,"Grocery"
"03852713530","INSTANT OAT W/IRON",2.99,"Grocery"
"03852713534","INSTANT OAT CINNAMON  11.6 OZ",2.99,"Grocery"
"03852713538","INSTANT OAT VANILLA 11.6 OZ",2.99,"Grocery"
"03852713508","OAT FORTIFIED W/IRON 11.6 OZ",2.99,"Grocery"
"03852713532","INSTANT OAT FORTIFIED W/IRON",5.69,"Grocery"
"03852713536","INSTANT OAT WITH CINNAMON",5.69,"Grocery"
"7462275401341","CREMA DE MAIZ 12/11.9 OZ",1.99,"Grocery"
"08332205263","ALPINA NATURAL OAT SMOOTHIE",2.59,"Grocery"
"08332205269","ALPINA CINNAMON OAT SMOOTHIE",2.59,"Grocery"
"08332205268","ALPINA LIGHT OAT SMOOTHIE",2.59,"Grocery"
"462275402232","QUAKER CREAM OF CORN 12 OZ.",3.39,"Grocery"
"08332208284","ALPINA DULCE DE LECHE 24/8.8",2.59,"Grocery"
"08332208282","ALPINA DULCE DE LECHE  6PK",3.59,"Grocery"
"08332208285","ALPINA DULCE DE LECHE 12/17.6",4.59,"Grocery"
"08332208254","ALPINA DULCE DE LECHE 12/15.5",4.69,"Grocery"
"08332201664","ALPINA BABY FOOD BANANA 24/4",.89,"Grocery"
"08332201663","ALPINA BABY FOOD PEACH 24/4",.89,"Grocery"
"08332201658","ALPINA BABY FOOD PEAR 24/4",.89,"Grocery"
"08332201659","ALPINA BABY FOOD APPLE 24/4",.89,"Grocery"
"08332201660","ALPINA BABY FOOD PRUNE 24/4",.89,"Grocery"
"08332201661","ALPINA BABY FOOD GUAVA 24/4",.89,"Grocery"
"08332201662","ALPINA BABY FOOD MANGO 24/4",.89,"Grocery"
"08332201665","ALPINA BABY FOOD TROP FRUITS",.89,"Grocery"
"08332201623","ALPINA BABY CARIB FANTASY 2 PK",1.69,"Grocery"
"08332201624","ALPINA ORIGINAL OAT SMOOTHIE",.89,"Grocery"
"08332201626","ALPINA LIGHT OAT SMOOTHIE 8.33",.89,"Grocery"
"08332201625","ALPINA CINNAMON OAT SMOOTHIE",.89,"Grocery"
"08332206373","ALPINA CINNAMON OAT SMOOTHIE",.00,"Grocery"
"08332206374","ALPINA LIGHT OAT SMOOTHIE",.00,"Grocery"
"08332206372","ALPINA ORIGINAL OAT SMOOTHIE",.00,"Grocery"
"04741622998","DUX SLED BOX",6.39,"Grocery"
"04741622997","DUX CHRISTMAS PARTY MIX",3.79,"Grocery"
"04741605321","DUX NOCHE BUENA BAG SMALL",.99,"Grocery"
"04741622996","DUX CHRISTMAS TRUNK TIN",4.49,"Grocery"
"0528622","GOYA BEECHNUT CHICKEN W/BROTH",1.49,"Grocery"
"0528642","GOYA BEECHNUT BEEF W/BROTH",1.49,"Grocery"
"0529002","GOYA BEECHNUT MANGO",.79,"Grocery"
"0529032","GOYA BEECHNUT BANANA PEACH",.79,"Grocery"
"0529042","GOYA BEECHNUT APPLE MANGO",.79,"Grocery"
"0529062","GOYA BEECHNUT GUAVA",.79,"Grocery"
"0529072","GOYA BEECHNUT WINTER SQUASH",.79,"Grocery"
"0529272","GOYA BEECHNUT BANANA PEAR",.79,"Grocery"
"0529352","GOYA BEECHNUT VEGETABLE MEDLEY",.79,"Grocery"
"0529372","GOYA BEECHNUT CARROTS W/CORN",.79,"Grocery"
"0528392","GOYA BEECHNUT PEAR GUAVA",.79,"Grocery"
"0528452","GOYA BEECHNUT BANANA STRWBERRY",.79,"Grocery"
"0528462","GOYA BEECHNUT PEACH MANGO",.79,"Grocery"
"0528472","GOYA BEECHNUT APPLE GUAVA",.79,"Grocery"
"0528502","GOYA BEECHNUT PEAS AND CARROTS",.79,"Grocery"
"05220000961","GOYA BEECHNUT PEAR APRICOT",.89,"Grocery"
"05220000884","GOYA BEECHNUT RICE PUDDING",.89,"Grocery"
"05220001032","GOYA BEECHNUT APPLE MANGO ORNG",1.69,"Grocery"
"05220001033","GOYA BEECHNUT PEAR MNGO SWT PO",1.69,"Grocery"
"05220001034","GOYA BEECHNUT APPLE PEAR GUAVA",1.69,"Grocery"
"05220001035","GOYA BEECHNUT BNA APL STRAW PN",1.69,"Grocery"
"05220000822","GOYA BEECHNUT RICE WITH MANGO",3.39,"Grocery"
"04133106027","CORNED BEEF CLUB PACK 2/12 OZ.",.01,"Grocery"
"73990700001","HARINA PAN WHITE 35.27 OZ.",2.99,"Grocery"
"73990700206","HARINA PAN YELLOW 35.27 OZ.",2.99,"Grocery"
"04133106130","MAZAPAN SANCHIS MIRA",4.59,"Grocery"
"04133106135","YEMA SANCHIS MIRA",4.59,"Grocery"
"04133106140","FRUTA SANCHIS MIRA",4.59,"Grocery"
"04133106145","CHOCOLATE SANCHIS MIRA",4.59,"Grocery"
"04133106147","YEMA TOSTADA SANCHIS MIRA",4.59,"Grocery"
"04133106150","MEMBRILLO SANCHIS MIRA",3.39,"Grocery"
"04133106160","MOUSSE CHCOLATE SANCHIS MIRA",4.59,"Grocery"
"07573800135","SIDRA MAYADOR 25.4 OZ.",2.79,"Grocery"
"01849772197","SIDRA BOCHERO XGLD LABL 25.4OZ",2.79,"Grocery"
"01849772202","EL BOCHERO SIDRA  11 OZ",.79,"Grocery"
"04133106176","SIDRA LA REAL 25.4 OZ.",2.89,"Grocery"
"04133106177","SIDRA GOYA 25.4 OZ.",2.89,"Grocery"
"04133106178","GOYA PANNETTONE",7.59,"Grocery"
"04133106220","ALICANTE SANCHIS MIRA 7 OZ",4.59,"Grocery"
"04133106221","SANCHIS MIRA ALICANTE  3.5 OZ",2.89,"Grocery"
"04133106225","JIJONA SANCHIS MIRA 7 OZ",4.59,"Grocery"
"04133106253","SANCHISMIR TORTA IMPERIAL 7 OZ",5.89,"Grocery"
"04133106259","PORCIONES DE ALICANTE 4/24",.79,"Grocery"
"04133106262","PAN DE CADIZ",4.99,"Grocery"
"04133106263","FIGURITAS MAZAPAN 7 OZ",4.59,"Grocery"
"04133106264","SANCHIS MIRA BARQUILLOS TURRON",4.19,"Grocery"
"04133106265","ALMENDRAS RELLENAS 5.3 OZ",4.49,"Grocery"
"04133106266","MANTC Y POLVORON SURTIDOS 14OZ",3.99,"Grocery"
"04133106268","SANCHIS MIRA BARQUILLOS CHOCLT",4.19,"Grocery"
"04133106269","SANCHIS MIRA BARQUILLOS CAFE",4.19,"Grocery"
"04133106273","SANCHIS MIRA SIN AZUCAR JIJONA",4.89,"Grocery"
"04133106274","SANCHIS MIRA SIN AZUCAR ALICAN",4.89,"Grocery"
"04133106284","DELICIAS RELLENAS TURRON",2.29,"Grocery"
"04133106285","DELICIAS RELLENAS CHOCOLATE",2.29,"Grocery"
"04133106290","ANTIU XIXONA DARK CHOC W/ALMND",1.59,"Grocery"
"04133106291","SANCHISMIRA ARCA NAV",56.69,"Grocery"
"04133106293","ANTIU XIXONA DARK CHOCOLATE",1.59,"Grocery"
"04133106294","ANTIU XIXONA MILK CHOCOLATE",1.59,"Grocery"
"04133106296","ANTIU XIXONA SUGAR FREE MLK CH",2.29,"Grocery"
"04133106297","ANTIU XIXONA SUGAR FREE DRK CH",2.29,"Grocery"
"04741623008","NOEL CHRISTMAS RECTANGULAR TIN",7.99,"Grocery"
"08610602260","LDM HOLIDAY COOKIES",1.39,"Grocery"
"04133106643","YELLOW INST. ASSEMBLY",.00,"Grocery"
"04133106644","MEXICAN INST. ASSEMBLY",.00,"Grocery"
"04133106645","BROWN INST. ASSEMBLY",.00,"Grocery"
"04133106662","YELLOW ASSEMBLY RICE MIX",.00,"Grocery"
"04133106663","MEXICAN ASSEMBLY RICE MIX",.00,"Grocery"
"04133106666","RICE & RED BEANS ASSEMBLY MIX",.00,"Grocery"
"04133106700","RED KIDNEY 4 LB TRAY",.01,"Grocery"
"04133106702","LENTIL BEANS 4 LB TRAY",.01,"Grocery"
"04133106703","PINK BEANS 4 LB TRAY",.01,"Grocery"
"04133106706","SMALL RED 4 LB TRAY",.01,"Grocery"
"04133106710","ROMAN BEANS 10 LB TRAY",.01,"Grocery"
"04133106711","GOYA BLACK BEANS TRAY",.01,"Grocery"
"04133106712","GOYA PINTO BEANS TRAY",.01,"Grocery"
"04133106713","GOYA RED KIDNEY BEANS 6/15.5OZ",.01,"Grocery"
"04133106714","GOYA PINK BEANS 6/15.5 OZ.",.01,"Grocery"
"04133106715","GOYA CHICK PEAS 6/15.5 OZ.",.01,"Grocery"
"04133106718","GOYA BLACK BEANS 6/15.5 OZ",.01,"Grocery"
"04133106719","GOYA PINTO BEANS 6/15.5 OZ.",.01,"Grocery"
"04133106722","GOYA CANNELINI BEANS 6/15.5 OZ",.01,"Grocery"
"04133106728","SMALL WHITE BEANS 6/15.5 OZ.",.01,"Grocery"
"04133106731","LOW SODIUM BLACK BEAN 6/15.5OZ",.01,"Grocery"
"04133106741","GOYA YELLOW RICE MIX MULTIPAK",.01,"Grocery"
"04133106744","RICE MIXES VARIETY 6 PAK 8 OZ",.01,"Grocery"
"04133106749","GOYA MOJO CRIOLLO 6-2 PCK/24OZ",.01,"Grocery"
"04133106751","ADOBO CON PMTA 2 PK 28 OZ CLUB",.01,"Grocery"
"04133116766","12-PACK RAINBOW NECTARS",.01,"Grocery"
"04133106771","GOYA COCONUT WATER 4/6PK/11.8",.01,"Grocery"
"04133106776","GOYA GANDULES 6 PACK 15 OZ",.01,"Grocery"
"04133106777","GOYA MANGO NECTAR 6/33.8 OZ.",.00,"Grocery"
"04133106778","TOMATO SAUCE",.01,"Grocery"
"04133106789","PITTED ALCAPARRADO CLUB 2/PACK",.01,"Grocery"
"04133106791","GOYA COCONUT MILK  4/6PK 13.5",.01,"Grocery"
"04133106795","EXTRA VIRGIN OLIVE OIL",10.59,"Grocery"
"04133106806","GOYA PLATANOS MADUROS CLUBPACK",.00,"Grocery"
"04133106807","GOYA TOSTONES CLUBPACK",.00,"Grocery"
"04133106808","SOFRITO 28 OZ.",.00,"Grocery"
"04133106823","EXTRA VIRGIN OLIVE OIL 50.7 OZ",.00,"Grocery"
"04133106830","GOYA DISCOS CLUB PACK 10/5.6OZ",.00,"Grocery"
"04133106832","PASSION FRUIT 3PACK",.00,"Grocery"
"04133106833","FROZEN MANGO PULP CLUB 3 PACK",.00,"Frozen"
"089185700000","LIMPIOLIN LAVANDA",.89,"Grocery"
"089185700003","LIMPIOLIN BABY POWDER",.89,"Grocery"
"089185700006","LIMPIOLIN LIMON W/BAKING SODA",.89,"Grocery"
"089185700001","LIMPIOLIN FLORAL",.89,"Grocery"
"089185700002","LIMPIOLIN POTPOURRI",.89,"Grocery"
"089185700004","LIMPIOLIN BRISAS DEL MAR",.89,"Grocery"
"089185700007","LIMPIOLON ALMENDRA",.89,"Grocery"
"089185700005","LIMPIOLIN PRIMAVERAL",.89,"Grocery"
"04133107102","WHITE CANDLE",1.79,"Grocery"
"04133107103","BLUE CANDLE",1.79,"Grocery"
"04133107104","GREEN CANDLE",1.79,"Grocery"
"04133107106","RED CANDLE",1.79,"Grocery"
"04133107108","YELLOW CANDLE",1.79,"Grocery"
"04133107110","THREE COLOR CANDLE",1.89,"Grocery"
"04133107111","SENOR DE MILAGROSOS",1.89,"Grocery"
"04133107112","SEVEN COLOR CANDLE",2.39,"Grocery"
"04133107114","STA MARTA NOVENA CANDLE",1.89,"Grocery"
"04133107115","VIRG GUADALUPE NOVNA CNDL",1.89,"Grocery"
"04133107116","GRAN PODER NOVENA CANDLE",1.89,"Grocery"
"04133107118","S MARTIN PORRES NOVN CNDL",1.89,"Grocery"
"04133107119","MANO PODEROSA NOVENA CNDL",1.89,"Grocery"
"04133107120","SAGRADO CORAZON NOVN CNDL",1.89,"Grocery"
"04133107121","SAN LAZARO NOVENA CANDLE",1.89,"Grocery"
"04133107122","SAN JUDAS NOVENA CANDLE",1.89,"Grocery"
"04133107123","SAN JUAN DIEGO NOVENA SCENTED",2.39,"Grocery"
"04133107124","CARIDAD COBRE NOVENA CANDLE",1.89,"Grocery"
"04133107125","SRA ALTA GRACIA NOVENA CANDLE",1.89,"Grocery"
"04133107126","STA BARBARA NOVENA CANDLE",1.89,"Grocery"
"04133107128","7 POTENCIAS NOVENA CANDLE",2.39,"Grocery"
"04133107130","MILAGROSA NOVENA CANDLE",1.89,"Grocery"
"04133107132","SAN ANTONIO NOVENA CANDLE",1.89,"Grocery"
"04133107134","SANTA CLARA NOVENA CANDLE",1.89,"Grocery"
"04133107137","ESPIRITU SANTO NOVENA CANDLE",1.89,"Grocery"
"04133107138","SAN MIGUEL NOVENA CANDLE",1.89,"Grocery"
"04133107139","VELAS SAN ELIAS",1.89,"Grocery"
"04133107140","N SRA DEL CARMEN NOVENA CANDLE",1.89,"Grocery"
"04133107141","SAN ALEJO CANDLE",1.89,"Grocery"
"04133107145","N SRA DE LA CANDLELARIA",1.89,"Grocery"
"04133107146","JUSTO JUEZ NOVENA CANDLE",1.89,"Grocery"
"04133107147","SAN JOSE NOVENA CANDLE",1.89,"Grocery"
"04133107148","FAST LUCK NOVENA CANDLE",1.89,"Grocery"
"04133107150","SRA FATIMA NOVENA CANDLE",1.89,"Grocery"
"04133107153","INDIO PODEROSO",1.89,"Grocery"
"04133107154","DIVINO NINO JESUS",1.89,"Grocery"
"04133107155","WHITE NOVENA CANDLE 50 HOUR",.99,"Grocery"
"04133107156","YELLOW NOVENA CANDLE 50 HOUR",.99,"Grocery"
"04133107157","RED NOVENA CANDLE 50 HOUR",.99,"Grocery"
"04133107158","GREEN NOVENA CANDLE 50 HOUR",.99,"Grocery"
"04133107164","JUAN PABLO II CANDLE",1.89,"Grocery"
"03855621111","BORINCANO RICE FLOUR 12 OZ",.00,"Grocery"
"08831300607","DUCAL REFRIED RED BEANS NATIVO",.00,"Grocery"
"08831300606","DUCAL REFRIED RED BEANS NATIVO",.00,"Grocery"
"04133107605","MALTA GOYO           12 OZ.",1.79,"Grocery"
"04133107606","GOYO ADOBO WITH PEPPER  8 OZ",.89,"Grocery"
"04133107607","GOYO SWEET PEAS 24/15 OZ.",1.19,"Grocery"
"04133107608","GOLLA PEAS AND CARROTS 8.5 OZ",.89,"Grocery"
"04133107734","FR LBL COCONUT MILK 13.5 OZ.",.00,"Grocery"
"04133107736","FR LBL BLACK BEANS 29 OZ.",.00,"Grocery"
"04133107741","GOYA WHITE HOMINY FRENCH LABEL",1.89,"Grocery"
"04133107742","GOYA WHITE HOMINY FRENCH LABEL",4.99,"Grocery"
"04133107744","YELLOW RICE MIX FRENCH LABEL",1.79,"Grocery"
"08831300604","DUCAL RED REFRIED BEANS FR LBL",2.99,"Grocery"
"08831300603","DUCAL BLCK RF BEANS FRNCH LBL",2.99,"Grocery"
"08831306224","F/L DUCAL BLACK REFRIED BEANS",1.89,"Grocery"
"04133107795","WHITE COOKING WINE FRENCH LBL",2.39,"Grocery"
"04133107796","RED COOKING WINE FRENCH LABEL",2.39,"Grocery"
"04133107804","ADOBO WITH PEPPER FRENCH LABEL",1.59,"Grocery"
"04133107806","ADOBO WITHOUT PEPPER FRNCH LBL",1.59,"Grocery"
"04133107812","FR LBL PINEAPPLE SODA 12 OZ.",.89,"Grocery"
"04133107813","TORTILLA WARMERS",2.29,"Grocery"
"04133107816","FR LBL COLA CHAMPAGN C.AMERICA",.89,"Grocery"
"04133107817","FR LBL COCONUT SODA 12 OZ",.89,"Grocery"
"04133107818","GINGER BEER FRENCH LABEL 12 OZ",.89,"Grocery"
"04133107822","FRENCH LABEL MALTA GOYA 4/6 PK",4.99,"Grocery"
"07369808007","BOHIO HARINA MAIZ 12-32OZ",.00,"Grocery"
"07639808005","BOHIO HARINA TRIGO 24-11 OZ",.00,"Grocery"
"07639808003","BOHIO HARINA MAIZ 20-24OZ",.00,"Grocery"
"07639808002","BOHIO HARINA DE MAIZ 24-11 OZ",.00,"Grocery"
"07639808006","BOHIO HARINA DE ARROZ 24-11 OZ",.00,"Grocery"
"04133153450","DIANA CORN MEAL FINE  12 OZ",.01,"Grocery"
"04133153460","DIANA CORN MEAL COARSE 12 OZ",.01,"Grocery"
"083322072733","ALPINA DULCE DE LECHE OAT",.99,"Grocery"
"083322072726","ALPINA STRAWBERRY OAT SMOOTHIE",.99,"Grocery"
"083322072719","ALPINA CHOCOLATE OAT SMOOTHIE",.99,"Grocery"
"04133109003","AREPAS BLANCAS DE MAIZ 15.9 OZ",2.29,"Grocery"
"04133109004","AREPAS DE MAIZ C/QUESO 13.4 OZ",3.59,"Grocery"
"04133109005","AREPAS DE CHOCOLO 10.6 OZ",2.79,"Grocery"
"04133109006","AREPAS DE CHOCOLO C/QUESO",3.99,"Grocery"
"04133109007","AREPAS DE YUCA C/QUESO 12.3 OZ",4.59,"Grocery"
"041331090087","AREPA DE MAIZ AMARI/YLW CORN",2.29,"Grocery"
"04133109010","FLAN  16/3 PACK/3 OZ.",1.19,"Grocery"
"04133109011","GOYA FLAN - SINGLES    3 OZ",1.19,"Grocery"
"04133109012","GOYA TEQUENOS 8 OZ.",3.99,"Grocery"
"04133109013","BAKED BEEF EMPANADAS 10 OZ.",4.39,"Grocery"
"04133109014","BAKED CHICKEN EMPANADAS 10 OZ.",4.39,"Grocery"
"04133109015","BAKED SPINACH AND CHSE EMPANAD",3.99,"Grocery"
"04133109023","GOYA CORN PATTIES W CHSE/AREPA",3.99,"Grocery"
"04133109024","FROZEN PIGEON PEAS 48 OZ.",7.59,"Frozen"
"04133109026","GREEN PIGEON PEAS FROZEN 5 LB",11.79,"Frozen"
"04133109027","CHEESE EMPANADILLAS",4.19,"Grocery"
"04133109028","MINI CORN TORTILLAS-TAQUITOS",1.79,"Grocery"
"04133109030","PIZZA EMPANADILLAS",4.19,"Grocery"
"04133109031","CHICKEN EMPANADA 10 OZ.",4.59,"Grocery"
"04133109034","EMPANADILLAS",4.59,"Grocery"
"04133109035","FAJITA FLOUR TORTILLAS 6 INCH",1.39,"Grocery"
"04133109036","BURRITOS BEAN AND CHSE 6X4 OZ.",5.59,"Grocery"
"04133109037","BURRITOS BEEF AND BEAN 6X4 OZ.",5.59,"Grocery"
"04133109040","RELLENOS DE PAPA  16 OZ.",4.99,"Grocery"
"04133109041","6"" WHITE CORN TORTILLA 30 CT.",1.79,"Grocery"
"04133109042","CKTL RELLENOS PAPA",4.59,"Grocery"
"04133109043","BURRITO FLOUR TORTILLAS 10 IN.",2.49,"Grocery"
"04133109044","6"" WHITE CORN TORTILLA 80 CT.",4.19,"Grocery"
"04133109045","SOFT TACO FLOUR TORTILLAS 8 IN",1.69,"Grocery"
"04133109046","PLATANOS MADUROS  11 OZ",1.79,"Grocery"
"04133109047","TOSTONES/FRIED PLANTAINS 16 OZ",2.49,"Grocery"
"04133109048","GOYA YUCA 18 OZ",1.59,"Grocery"
"04133109049","YAUTIA/MALANGA  1 1/2 LB",3.39,"Grocery"
"04133109050","GREEN PIGEON PEAS FROZEN 14 OZ",1.99,"Frozen"
"04133109051","YUCA 5 LB BAG",6.59,"Grocery"
"04133109052","YUCA  24 OZ",1.79,"Grocery"
"04133109053","VIANDA SANCOCHO  32 OZ",3.19,"Grocery"
"04133109054","GOYA NAME 1 1/2 LB",2.89,"Grocery"
"04133109055","RECAITO  28 OZ",4.19,"Grocery"
"04133109056","RECAITO  14 OZ",2.39,"Grocery"
"04133109057","RECAITO   7 OZ",1.39,"Grocery"
"04133109058","CORN ON THE COB 4 LG EARS",3.99,"Grocery"
"04133109059","CORN ON THE COB  8 MINI EARS",3.99,"Grocery"
"04133109060","EMPANADA DOUGH/SHELLS",1.79,"Grocery"
"04133109061","EMPANADA DOUGH/SHELLS W/COLOR",1.79,"Grocery"
"04133109062","SOFRITO  7 OZ",1.39,"Grocery"
"04133109063","SOFRITO  14 OZ",2.39,"Grocery"
"04133109064","SOFRITO  28 OZ",4.19,"Grocery"
"04133109065","CUT CORN  16 OZ",1.69,"Grocery"
"04133109066","TAMALES  CUBAN (4) 16 OZ",2.69,"Grocery"
"04133109067","BROCCOLI FLORETS 1 LB",1.89,"Grocery"
"04133109068","HAM CROQUETTES 9.6 OZ",3.29,"Grocery"
"04133109069","MORA PULP  14 OZ",2.59,"Grocery"
"04133109070","CHICKEN CROQUETTES 9.6 OZ",2.99,"Grocery"
"04133109071","LULO PULP  14 OZ",2.39,"Grocery"
"04133109072","GUAYABA PULP  14 OZ",1.89,"Grocery"
"04133109073","FRENCH FRIED POTATOES  28 OZ",2.69,"Grocery"
"04133109074","MIXED VEGETABLES  16 OZ",1.69,"Grocery"
"04133109075","CURUBA PULP  14 OZ",2.39,"Grocery"
"04133109076","MORA WHOLE BLACKBERRY",3.89,"Grocery"
"04133109077","MANDARIN PULP     14 OZ",2.79,"Grocery"
"04133109078","GOYA NANCE FRUIT",2.49,"Grocery"
"04133109079","COCONUT PULP  14 OZ",3.39,"Grocery"
"04133109080","MAMEY PULP  14 OZ",2.69,"Grocery"
"04133109081","GUANABANA PULP  14 OZ",3.39,"Grocery"
"04133109082","TAMARIND PULP  14 OZ",1.99,"Grocery"
"04133109083","PAPAYA CHUNKS 14 OZ",2.09,"Grocery"
"04133109084","MANGO PULP 14 OZ",1.89,"Grocery"
"04133109085","GOYA TOMATE DE ARBOL",2.49,"Grocery"
"04133109086","PARCHA/PASSION FRUIT PULP 14OZ",3.29,"Grocery"
"04133109087","LIMON  PULP        14 OZ",2.79,"Grocery"
"04133109088","STRAWBERRY PULP",2.79,"Grocery"
"04133109089","PINEAPPLE CHUNKS  14 OZ",1.99,"Grocery"
"04133109090","FROZEN JOCOTE - PLUM",2.39,"Frozen"
"04133109091","FRUIT COCKTAIL",2.19,"Grocery"
"04133109092","GOYA TOSTON CUPS",2.99,"Grocery"
"04133109094","MASA/YUCA/RALLADA  2 LB",2.69,"Grocery"
"04133109095","HOJA DE PLATANO  1 LB",1.99,"Grocery"
"04133109096","GOYA YUCA CROQUETTES 16 OZ",2.69,"Grocery"
"04133109098","PLATANO HORNEADO 11 OZ",2.49,"Grocery"
"04133109100","GOYA PLATANOS MADUROS 24 OZ",4.19,"Grocery"
"04133109101","GOYA PLATANOS MADUROS 40 OZ",6.39,"Grocery"
"04133109102","GOYA TOSTONES FAMILY PACK 40OZ",6.09,"Grocery"
"04133109105","GOYA PLATANOS HORNEADOS 45 OZ",6.59,"Grocery"
"04133109106","GUACAMOLE MILD 12 OZ",4.29,"Grocery"
"04133109107","GUACAMOLE SPICY 12 OZ",4.29,"Grocery"
"04133109109","GOYA SORULLITOS CON QUESO",2.99,"Grocery"
"04133109117","GUAVA CORONILLA  14 OZ",2.19,"Grocery"
"04133109118","MADURO RELLENO CON CARNE",4.49,"Grocery"
"04133109119","GOYA ARANITAS/PLNTAN HASHBROWN",6.39,"Grocery"
"04133109121","FRENCH FRIES REGULAR CUT",2.69,"Grocery"
"04133109122","YUCA RELLENA  4.5 OZ",1.59,"Grocery"
"04133109123","GOYA CHIRIMOYA PULP  14 OZ",5.49,"Grocery"
"04133109124","GOYA LUCUMA PULP  14 OZ",4.99,"Grocery"
"04133109129","PEAS AND CARROTS  16 OZ",1.59,"Grocery"
"04133109130","CUT OKRA FROZEN VEGETABLE 16OZ",1.79,"Frozen"
"04133109131","GOYA SWEET PEAS  16 OZ",2.29,"Grocery"
"04133109133","YUCA FRIES 24 OZ",2.59,"Grocery"
"04133109136","SHOE STRING POTATOES 28 OZ",2.69,"Grocery"
"04133109137","LIMA BEANS FRZN VEGETABL 16 OZ",2.79,"Grocery"
"04133109138","CARROTS FRZN VEGETABLE 16 OZ",1.69,"Grocery"
"04133109139","GRN BEANS FRZN VEGETABLE 16 OZ",1.99,"Grocery"
"04133109140","ARROZ CON POLLO  11 OZ",4.59,"Grocery"
"04133109142","BEEFSTEW-RICE/CARNE GUISADA 11",4.59,"Grocery"
"04133109144","CHICKEN FRICASSEE W/RICE 11 OZ",4.89,"Grocery"
"04133109145","SHREDDED BEEF W/RICE 11 OZ",4.89,"Grocery"
"04133109148","GROUND BEEF WITH RICE 11 OZ",4.89,"Grocery"
"04133109150","PIGEON PEA WITH RICE  11 OZ",4.59,"Grocery"
"04133109152","PASTELES DE MASA  11 OZ",3.89,"Grocery"
"04133109155","RICE WITH BLACK BEANS",2.49,"Grocery"
"04133109156","YELLOW RICE WITH PINK BEANS",2.49,"Grocery"
"04133109162","LARGE WHITE DISCO  20 OZ",2.29,"Grocery"
"04133109163","LARGE YELLOW DISCO  20 OZ",2.29,"Grocery"
"04133109166","TAPA/EMPANADA CRIOLLA 11.6 OZ",1.99,"Grocery"
"04133109167","TAPA/EMPANADA HOJALDRADA 11.6",1.99,"Grocery"
"04133109168","PEAS & CARROTS FRZN VEG 32 OZ",3.59,"Grocery"
"04133109169","CUT CORN FROZEN VEGETABLE 32 O",3.79,"Frozen"
"04133109170","MIXED VEGETABLE FROZEN 32",3.89,"Frozen"
"04133109171","LIMA BEANS FRZN VEGETABL 32 OZ",5.49,"Grocery"
"04133109172","GOYA FROZEN FAVA BEANS 28 OZ",4.29,"Frozen"
"04133109173","GOYA CHOPPED SPINACH 12/16 OZ.",1.79,"Grocery"
"04133109174","GOYA CUT LEAF SPINACH 12/16 OZ",1.79,"Grocery"
"04133109190","CHEESE/CHILES TAMALES-12 16 OZ",4.89,"Grocery"
"04133109192","BEEF TAMALES-12     16 OZ",5.29,"Grocery"
"04133109193","GOYA TAMAL CUBANO IN CORN HUSK",5.69,"Grocery"
"04133109195","GOYA PASTEL DE MASA CON PUERCO",7.49,"Grocery"
"04133109196","BEEF TAQUITOS",5.99,"Grocery"
"04133109197","CHICKEN TAQUITOS-12",5.99,"Grocery"
"04133109202","FROZEN LOROCO  6 OZ",2.79,"Frozen"
"04133109206","PONCHE MIX FROZEN FRUITS",5.19,"Frozen"
"04133109209","GOYA CHOCLO 6/3 LBS",10.99,"Grocery"
"04133109210","GOYA CHOCHOS 12/14 OZ.",3.59,"Grocery"
"04133109212","GOYA PUPUSA QUESO/FRIJOLES 22",6.69,"Grocery"
"04133109213","GOYA PUPUSA QUESO/LOROCO 22.2",6.69,"Grocery"
"04133109214","GOYA PUPUSAS QUESO    22.2 OZ",6.29,"Grocery"
"04133109215","GOYA CHOCLO, 2 PIECES",3.19,"Grocery"
"04133109216","GOYA CHOCLO KERNELS 16 OZ",3.69,"Grocery"
"04133109217","GOYA AJI AMARILLO    16 OZ",4.39,"Grocery"
"04133109218","GOYA AJI ROCOTO    16 OZ",4.59,"Grocery"
"04133109219","GOYA OLLUCO       16 OZ",3.19,"Grocery"
"04133109220","GOYA PAPA AMARILLA    16 OZ",3.89,"Grocery"
"04133109221","GOYA SANCOCHADO 12/32 OZ.",5.99,"Grocery"
"04133109224","CHOCLO SLICED   8 PCS",3.99,"Grocery"
"04133109225","GUAVA NECTAR CONCENTRATE 12 OZ",2.39,"Grocery"
"04133109226","TAMARIND NECTAR CONCENTRATE 12",2.39,"Grocery"
"04133109227","MANGO NECTAR CONC 12 OZ",2.39,"Grocery"
"04133109228","GUANABANA NECTAR CONC 12 OZ",2.99,"Grocery"
"04133109229","PASSION FRT CONCENTRATE 12 OZ",3.09,"Grocery"
"04133109230","JUGO DE CHINA CONCENTRATE 12 O",2.99,"Grocery"
"04133109231","GOYA WHOLE GUAVAS-PONCHE 14 OZ",2.39,"Grocery"
"04133109232","WHOLE FROZEN LULO    14 OZ",3.39,"Frozen"
"04133109233","WHOLE FROZEN TOMATE ARBOL 14 O",3.19,"Frozen"
"04133109235","MANGO TUBES FRUIT PULP 14 OZ",2.19,"Grocery"
"04133109236","PAPAYA TUBES FRUIT PULP  14 OZ",2.19,"Grocery"
"04133109237","PASSION FRUIT TUBES PULP 14 OZ",3.49,"Grocery"
"04133109238","GUANABANA TUBES FRUIT PULP 14",3.59,"Grocery"
"04133109240","WHOLE TEJOCOTE 12/14 OZ.",2.39,"Grocery"
"04133109241","WHOLE ZAPOTE-MAMEY 12/14 OZ.",2.29,"Grocery"
"04133109250","GOYA AJIACO COLOMBIANO 12/32OZ",5.49,"Grocery"
"04133109251","GOYA PAPA CRIOLLA 12/2 LB.",5.59,"Grocery"
"04133109252","GOYA ARRACACHA 12/1 LB.",2.99,"Grocery"
"04133109253","GOYA SANCOCHO COLOMBIANO 12/32",5.59,"Grocery"
"04133109257","GOYA PANDEBONO CHEESE BREAD",4.29,"Grocery"
"04133109258","GOYA ALMOJABANA (CRULLER)",4.89,"Grocery"
"04133109259","BUNUELO 5.64 OZ.",3.99,"Grocery"
"04133109260","TORTILLA DE PATATA/CEB 17.6OZ",4.99,"Grocery"
"04133109268","TAMALITOS DE ELOTE",5.19,"Grocery"
"04133109272","CALDO DE BOLA 12/32 OZ.",4.49,"Grocery"
"04133109273","SANCOCHO ECUATORIANO 12/32 OZ.",5.49,"Grocery"
"04133109278","CANA DE AZUCAR  12/14 OZ.",2.39,"Grocery"
"04133109279","MARANON",2.39,"Grocery"
"04133109280","JOCOTE CORONA",3.39,"Grocery"
"04133109281","MANGO VERDE",2.39,"Grocery"
"04133109284","FROZEN SOURSOP CHUNKS",3.19,"Frozen"
"04133109285","GOYA CHURROS 8/14.11",2.89,"Grocery"
"04133109286","4 BERRY BLEND 16 OZ.",.00,"Grocery"
"04133109287","MIX FRUIT 16 OZ.",.00,"Grocery"
"04133109288","WHOLE STRAWBERRIES 16 OZ.",.00,"Grocery"
"04133109290","PASTELITOS GUAYABA",4.59,"Grocery"
"04133109291","PASTELITOS GUAYABA/QUESO",4.59,"Grocery"
"04133109295","WHOLE STRAWBERRIES 16 OZ.",.00,"Grocery"
"04133109296","BERRY BLEND 16 OZ.",.00,"Grocery"
"04133109297","TROPICAL BLEND 16 OZ.",.00,"Grocery"
"04133109298","PASTELITOS CARNE 12/9",4.29,"Grocery"
"04133109299","PASTELITOS POLLO 12/9",4.29,"Grocery"
"69446273150","CFF JAMAICAN PATTIES BEEF MILD",4.09,"Grocery"
"69446273100","CFF JAMAICAN PATTIES BEEF SPIC",4.09,"Grocery"
"69446273050","CFF JAMAICAN PATTIES JERK CHIC",4.09,"Grocery"
"04133109310","CHEESE BREAD/PAO DE QUEIJO",3.69,"Grocery"
"04133109332","MANGU 10.5 OZ",2.49,"Grocery"
"04133109336","YUCA BITES (CHIPOTLE) 16 OZ.",3.99,"Grocery"
"04133109337","YUCA BITES (GARLIC MOJO) 16 OZ",3.99,"Grocery"
"04133109338","YUCA BITES (BUFFALO) 16 OZ.",3.99,"Grocery"
"04133109340","STEAM BEST MIXED VEGETABLES",1.85,"Grocery"
"04133109344","STEAM BEST CALIFORNIA BLEND",1.99,"Grocery"
"04133109350","GOYA DISCOS FOR BAKING",1.99,"Grocery"
"04133109357","CROQUETAS DE BACALAO(COD FISH)",3.59,"Grocery"
"04133109360","MINI WHITE DISCO 24/16 OZ.",2.19,"Grocery"
"04133109361","MINI YELLOW DISCO 24/16 OZ.",2.19,"Grocery"
"04133109371","GRN PLANTAIN TURNOVER W/CHEESE",3.79,"Grocery"
"04133109383","GOYA 40CT HAM CROQUETTES RAW",.00,"Grocery"
"04133109384","GOYA 40CT CHKN CROQUETTES RAW",.00,"Grocery"
"04133109386","GOYA 40CT CHKN CROQUETE PREFRY",10.99,"Grocery"
"04133109430","WHOLE WHEAT TORTILLA 8 IN",1.99,"Grocery"
"04133109526","ARGENTINE SPINACH & CHEESE EMP",.01,"Grocery"
"04133109527","ARGENTINE CHICKEN EMPANADA",.01,"Grocery"
