"Reference ID","Product Name","Sale  Price","POS Category"
"00000000000002","PLU00002",0,"Groceries"
"00000000000003","PLU00003",0,"Groceries"
"00000000000004","PLU00004",0,"Groceries"
"00000000000005","PLU00005",0,"Groceries"
"00000000000006","PLU00006",0,"Groceries"
"00000000000007","PLU00007",0,"Groceries"
"00000000000008","PLU00008",0,"Groceries"
"00000000000009","PLU00009",0,"Groceries"
"00000000000010","PLU00010",0,"Groceries"
"00000000000011","PLU00011",0,"Groceries"
"00000000000012","PLU00012",0,"Groceries"
"00000000000013","PLU00013",0,"Groceries"
"00000000000014","PLU00014",0,"Groceries"
"00000000000015","PLU00015",0,"Groceries"
"00000000000016","PLU00016",0,"Groceries"
"00000000000017","PLU00017",0,"Groceries"
"00000000000018","PLU00018",0,"Groceries"
"00000000000019","PLU00019",0,"Groceries"
"00000000000020","PLU00020",0,"Groceries"
"06597400113569","VanE TUN OIL 3.5",2.5,"Groceries"
"07401001716175","CAFE INCASA 3.5z",5.19,"Groceries"
"07406189005486","DF PINA 3/6.76oz",1.39,"Groceries"
"07411000343296","N PASTA TOMTE 8z",1.79,"Groceries"
"07411000343401","N RANCHERA 8oz",1.79,"Groceries"
"07411000343449","N SOFRITO CRI 8z",1.79,"Groceries"
"07412603000357","MT PANELA 26oz",3.19,"Groceries"
"07460199560045","EL COCINERO S  ",2.49,"Groceries"
"07622300060831","TANG MNDRNA 810g",7.99,"Groceries"
"07622300207021","TANG LIMON 810g",7.99,"Groceries"
"07622300207052","TANG MRCUYA 810g",7.99,"Groceries"
"07702024058076","AMR S/LIMON 175g",1.99,"Groceries"
"07702032253869","COLCFE 3en1 13.4",6.49,"Groceries"
"07702047001769","FRUCO SALSA C 5z",2.69,"Groceries"
"07702560030512","TRRTO ROJO 11.6z",6.49,"Groceries"
"07702993602508","FS BARRILTS 14.1",2.59,"Groceries"
"07707061741325","BOCADILLO G 9.87",3.19,"Groceries"
"07751227000467","DC MOROCHO 14oz",1.89,"Groceries"
"07751227000672","DCAMP PLATAN 14z",1.89,"Groceries"
"07751227000689","D ARRZ CBADA 14z",1.39,"Groceries"
"07751227000719","DC LENTEJAS 14oz",1.39,"Groceries"
"07751227001426","BSFOOD ATUN 5.6z",2.49,"Groceries"
"07751271002547","GLORIA P 6/200ml",2.99,"Groceries"
"07751271011198","PF EVAPORADA 12z",1.49,"Groceries"
"07751271635240","GLORIA N 3/200ml",2.99,"Groceries"
"07751271635288","GLORIA M 3/200ml",2.99,"Groceries"
"07751474000012","DCAMP ACHIOT 14Z",2.99,"Groceries"
"07751474000043","DCAMP ALVRJA 14z",1.79,"Groceries"
"07751474000098","FRJOL CANRIO 54z",9.99,"Groceries"
"07751474000111","DC LENTEJON 54z",6.49,"Groceries"
"07751474000128","DC MZ CUZCO 54oz",8.49,"Groceries"
"07751474000135","DC M MONTAÑA 54z",7.99,"Groceries"
"07751474000142","DC M CARHUAY 54z",7.49,"Groceries"
"07751474000159","DC MOTE PLDO 54z",7.99,"Groceries"
"07752407001694","COGRN ELBW M 16z",0.99,"Groceries"
"07752407001700","COGRN PENN R 16z",0.99,"Groceries"
"07752407001717","COGRN ZITI 16oz",0.99,"Groceries"
"07790580504007","MEMBRILLO 24.7oz",7.69,"Groceries"
"07861000133920","ET",4.99,"Groceries"
"07861000144087","LS HORCHATA 32g",1.99,"Groceries"
"07861001217230","NS RICACAO 15.5z",3.99,"Groceries"
"07861004911241","SALTICAS 210g",1.29,"Groceries"
"07861004920595","AMCY ILUSN 14.1z",1.59,"Groceries"
"07861005600045","T HIERBABUENA 8Z",2.49,"Groceries"
"07861005600052","FF TROJL/VAL 8z ",2.99,"Groceries"
"07861005600229","MANZNLL/MIEL .63",3.29,"Groceries"
"07861005620128","FF TE CEDRON 8z",1.99,"Groceries"
"07861005620135","FF TE ANIS 8Z",2.29,"Groceries"
"07861005620142","FF TE MENTA 8oz",2.39,"Groceries"
"07861007900020","ORIENTAL S 9.17z",1.99,"Groceries"
"07861007900082","ORIENTAL S 19.3z",1.99,"Groceries"
"07861007902024","ORIENTAL P 100ml",1.19,"Groceries"
"07861007906589","FIDEO CHIN 7.5z",1.79,"Groceries"
"07861008900036","LP LEVADURA 175g",3.69,"Groceries"
"07861008910059","PLVO P HRNR 4.2z",2.59,"Groceries"
"07861011902263","DLCE PCHICHE 21z",4.69,"Groceries"
"07861011902584","DLC HIGOS 21.18z",4.49,"Groceries"
"07861011903949","NARANJILLA 21oz",4.79,"Groceries"
"07861021200014","SABORA (BOLSA)",1.99,"Groceries"
"07861021200021","COMINO M (BOLSA)",1.99,"Groceries"
"07861021200410","SABORA 1.76oz",0.79,"Groceries"
"07861021200427","COMINO MD 1.76oz",0.89,"Groceries"
"07861021200472","AJI SECO 1.76oz",0.79,"Groceries"
"07861021201158","ALIÑ CMPLET 35.3",4.99,"Groceries"
"07861021206009","CHIMICHURRI 19.4",2.49,"Groceries"
"07861021206054","ALINO CPLT 17.6z",3.49,"Groceries"
"07861021208133","MANZANILLA 1.3oz",2.5,"Groceries"
"07861024300179","CF CUBANIT 14.1z",8.99,"Groceries"
"07861025300376","TPKINUA FS 14.1z",3.29,"Groceries"
"07861025522242","HRNA/TRIGO YA 1k",4.49,"Groceries"
"07861025522303","HRIN/TRIGO YA ½k",2.49,"Groceries"
"07861029300006","MAIZABROSA 1000g",3.99,"Groceries"
"07861035520023","AVENA MLIDA 500g",2.69,"Groceries"
"07861035520054","Q LEGITIMA 17.6z",2.29,"Groceries"
"07861035520078","Q LEGITIMA 1000g",4.29,"Groceries"
"07861048690225","LF ACHIOTE 16.9z",3.79,"Groceries"
"07861048690898","LF ACEIT VGTL 1t",4.99,"Groceries"
"07861049300345","PANELA VALDZ 34z",3.99,"Groceries"
"07861052002021","QUINUAVENA 14.1z",1.29,"Groceries"
"07861052002045","SOYAVENA MAX 14z",1.29,"Groceries"
"07861055900713","NUTRI AVENA 1L",1.99,"Groceries"
"07861055900836","NUTRI AVENA 6.7z",0.79,"Groceries"
"07861091155696","NSTL VAINLL 400g",1.69,"Groceries"
"07861091155757","NTL ZOOLGIA 400g",2.99,"Groceries"
"07861091158017","AMR CLASICA 175g",1.99,"Groceries"
"07861091158024","AMR CHOCOLT 175g",1.99,"Groceries"
"07861091158031","AMR VAINILL 175g",1.99,"Groceries"
"07861091158741","TNGO MINI V 300g",3.99,"Groceries"
"07861091158789","TNGO MINI C 300g",4.49,"Groceries"
"07861091196774","NSTL COCO C 412g",3.99,"Groceries"
"07861091199898","NESTLE SAL 380g ",2.99,"Groceries"
"07861111200016","TP MANZANA 7.05z",1.89,"Groceries"
"07861111200115","TP FRESA 7.05oz",1.89,"Groceries"
"07861111200139","TP PINA 7.05oz",1.89,"Groceries"
"07861111200146","TP NARANJA 7.05z",1.89,"Groceries"
"07861111200177","TP MORA 7.05oz",1.89,"Groceries"
"07861111200184","TP MANGO 7.05oz",1.89,"Groceries"
"07861111200191","TP FRESA 14.1z",3.79,"Groceries"
"07861111200207","TP MANZANA 14.1z",3.79,"Groceries"
"07861111200221","TP PIÑA 14.1z ",3.79,"Groceries"
"07861111200238","TP MORA 14.1z",3.79,"Groceries"
"07861111200269","TP VAINILLA 7.05",1.89,"Groceries"
"07862103120190","PCA FIDEOS 14.1z",1.49,"Groceries"
"07862103122552","PCA LAZO I 14.1z",1.49,"Groceries"
"07862103920011","FS TOROJIL 1.oz ",2.49,"Groceries"
"07862103920028","FS VALERIAN 1.oz",2.49,"Groceries"
"07862103920059","FABS  TE ANIS 1z",2.49,"Groceries"
"07862103920066","FF TEA BOLD 1.z",2.49,"Groceries"
"07862103920097","FS ADELGAZNTE 1z",2.99,"Groceries"
"07862103920103","FS PROSTATIC 1.z",2.99,"Groceries"
"07862103920134","FS TE REGULR 1.z",2.99,"Groceries"
"07862103920141","FS MANZANILLA 1z",2.49,"Groceries"
"07862103920363","FS REGUTEROL 1.z",2.99,"Groceries"
"07862103920370","FS TE VALTOR 1z ",2.99,"Groceries"
"07862103921018","FS HIERB LSA 1.z",2.49,"Groceries"
"07862103921100","MANZANLL/MIEL 1z",2.29,"Groceries"
"07862103921124","FS HRCHT/MIEL 1z",2.49,"Groceries"
"07862103921162","FS TE VERD 1.oz ",2.49,"Groceries"
"07862103922411","FS TE VERDE 1z",3.79,"Groceries"
"07862106450317","LU HUEVITOS 8.8z",2.99,"Groceries"
"07862106454568","LU CROQUETS 8.8z",3.99,"Groceries"
"07862106454803","COCOA UNIV 15½oz",2.99,"Groceries"
"07862106455008","LU SURTIDS 14.8z",2.99,"Groceries"
"07862106455541","LA/U MENTA 14.1Z",2.99,"Groceries"
"07862106455558","LU L/MIEL 14¾z",2.99,"Groceries"
"00000078600362","SI CAFE 1.7z",4.49,"Groceries"
"00000078600812","SI CAFE 3.5z",6.99,"Groceries"
"00000078604766","REAL ATUN 2oz",2.69,"Groceries"
"00009800895007","NUTELLA 13oz",3.99,"Groceries"
"00011210000032","TABASC ORGNL 12z",7.69,"Groceries"
"00011210002500","TABASCO BUFAL 5z",4.19,"Groceries"
"00011210006096","TBASCO HABNER 2z",3.39,"Groceries"
"00013000007566","HENZ WHITE V 64z",3.19,"Groceries"
"00013000008129","HENZ APPLE V 16z",1.69,"Groceries"
"00013000008143","HENZ APPLE V 32z",2.59,"Groceries"
"00013000008525","HENZ WHITE V 16z",1.39,"Groceries"
"00013000008549","HENZ WHITE V 32z",1.99,"Groceries"
"00013600001063","SALT IODIZED 1lb",0.99,"Groceries"
"00013600020040","KOSHER SALT 13oz",1.39,"Groceries"
"00013600020057","DC SEA SALT 22z",2.49,"Groceries"
"00013900500013","BELL'S SSNG 1oz",1.99,"Groceries"
"00014800000016","MOTT'S ORGNL 24z",2.69,"Groceries"
"00014800000054","MOTT'S CNNMN 24z",2.69,"Groceries"
"00014800000320","MOTT'S ORGNL 32z",2.79,"Groceries"
"00014800000399","MOTT'S ORGL 1GAL",6.29,"Groceries"
"00014800002256","HP MIXED BR 1GAL",3.39,"Groceries"
"00014800210736","MOTT'S BRRY 6/4z",3.19,"Groceries"
"00014800210781","MOTT'S MNGO 6/4z",3.19,"Groceries"
"00014800319101","MOTT'S O 4/4.23z",1.6,"Groceries"
"00014800319125","MOTT'S F 4/4.23z",1.6,"Groceries"
"00014800582260","REAL LEMON 32oz",2.99,"Groceries"
"00014800646085","HP FRUIT JU 1GAL",3.39,"Groceries"
"00014800646092","HP ORANGE O 1GAL",3.39,"Groceries"
"00014800646986","HP LEMON LM 1GAL",3.39,"Groceries"
"00015000007751","GB APL JUICE 16z",3.49,"Groceries"
"00015000007850","GB A PRUNE J 16z",3.49,"Groceries"
"00015000012120","GB CN&CHKN G 2½z",1.39,"Groceries"
"00015000012144","GB BF&BF GRV 2½z",1.39,"Groceries"
"00015000020712","GB APPLE JCE 1Qt",3.09,"Groceries"
"00015000020781","GB MIXD FRT J 1Q",3.19,"Groceries"
"00015000020842","GB PEAR JUICE 1Q",3.19,"Groceries"
"00015000026028","GB M VEG&CHKN 6z",1.09,"Groceries"
"00015000026042","GB M VEG&BEEF 6z",1.09,"Groceries"
"00015000026080","GB CHKN NOODL 6z",1.09,"Groceries"
"00015000026189","GB S POTATOES 6z",1.09,"Groceries"
"00015000026318","GB APPLES 6oz",1.09,"Groceries"
"00015000026363","GB BNANA STWB 6z",1.09,"Groceries"
"00015000027216","GB PEAR MNO G 6z",1.29,"Groceries"
"00015000045203","GB GRAD PF 1.48z",2.89,"Groceries"
"00015000045227","GB GRAD PF 1.48z",2.89,"Groceries"
"00015000045265","GB GRAD PF 1.48z",2.89,"Groceries"
"00015000071110","GB CARROTS 2/2½z",1.49,"Groceries"
"00015000071165","GB PEAS 2/2½oz",1.49,"Groceries"
"00015000071172","GB SQUASH 2/2½z",1.49,"Groceries"
"00015000071189","GB S pOTAT 2/2½z",1.49,"Groceries"
"00015000071301","GB PEACHES 2/2½z",1.49,"Groceries"
"00015000071318","GB APPLES 2/2½oz",1.49,"Groceries"
"00015000071349","GB PEARS 2/2½oz",1.49,"Groceries"
"00015000071356","GB BANANAS 2/2½z",1.49,"Groceries"
"00015000071363","GB PRUNES 2/2½oz",1.49,"Groceries"
"00015000073114","GB CARROTS 2/3½z",1.69,"Groceries"
"00015000073121","GB G BEANS 2/3½z",1.69,"Groceries"
"00015000073169","GB PEAS 2/3½oz",1.69,"Groceries"
"00015000073176","GB SQUASH 2/3½oz",1.69,"Groceries"
"00015000073183","GB S POTAT 2/3½z",1.69,"Groceries"
"00015000073237","GB PT&CORN 2/3½z",1.69,"Groceries"
"00015000073305","GB PEACHES 2/3½z",1.69,"Groceries"
"00015000073343","GB PEARS 2/3½oz",1.69,"Groceries"
"00015000073350","GB BANANA 2/3½z",1.69,"Groceries"
"00016000106109","GM ALL PURPOS 5b",3.79,"Groceries"
"00016000107106","GM ALL PURPOS 2b",1.99,"Groceries"
"00016000108103","GM ALL NATURL 5b",4.89,"Groceries"
"00016000275119","CCOA PUFFS 11.8z",4.39,"Groceries"
"00016000275270","HNEY CHRRIOS 11¼",5.29,"Groceries"
"00016000275287","GM CHEERIOS 18z",6.09,"Groceries"
"00016000275348","LCKY CHARMS 11½z",5.29,"Groceries"
"00016000275645","GM CHEERIOS 14z",5.49,"Groceries"
"00016000275676","GM KIK 12z",5.29,"Groceries"
"00016000275720","GM TRIX 14.8z",4.99,"Groceries"
"00016000275799","LCKY CHARMS C 12",4.99,"Groceries"
"00016000297098","TOM/J SNACK 10z",3.49,"Groceries"
"00016000301405","BC OATMEAL 17.5z",3.09,"Groceries"
"00016000420601","BC BISQUICK 20z",2.89,"Groceries"
"00016000423527","KF PAND SNCK 10z",3.49,"Groceries"
"00016000424142","SPONG BB SNCK 10",3.49,"Groceries"
"00016000424197","SCOOBYd SNCK 10z",3.49,"Groceries"
"00016000458307","BC RICH/CREMY 1b",2.79,"Groceries"
"00016000625709","GM KIK 18oz",5.59,"Groceries"
"00016712019025","VENEZOLANA 24oz",3.49,"Groceries"
"00016712019179","VENEZOLANA 80oz",8.49,"Groceries"
"00016712019193","VENEZOLANA 64oz",7.99,"Groceries"
"00016712019209","VENEZOLANA 24z",3.49,"Groceries"
"00017202201562","COLCAFE INST 6z",6.49,"Groceries"
"00017202268084","COLCAF INS 1.76z",2.49,"Groceries"
"00017202268534","COLCAF INS 3.52z",4.49,"Groceries"
"00017202271480","COLCAFE DC 3.52z",4.99,"Groceries"
"00020662000132","NO NATURAL 10½oz",2.99,"Groceries"
"00021000028221","KRFT MAC&CHSE 2z",1.79,"Groceries"
"00021000038695","KRFT HONEY 17.5z",2.19,"Groceries"
"00021000038749","KRFT ORIGNL 17.5",2.19,"Groceries"
"00021000038756","KRFT P CHEESE 8z",3.79,"Groceries"
"00021000615421","KRFT P CHEESE 3z",2.49,"Groceries"
"00021000658831","KRFT MAC&CHS 7¼z",1.99,"Groceries"
"00021000678488","KRAFT HOT 18oz",2.19,"Groceries"
"00021500003049","LAWRY´S SALT 16Z",1.99,"Groceries"
"00022343160036","EL YUCATECO ",1.79,"Groceries"
"00023545002971","FELA PANELA 16oz",1.5,"Groceries"
"00023545201435","LF BROWN SGAR 2b",2.99,"Groceries"
"00023545203323","LF COCONUT FL 8z",2.49,"Groceries"
"00023545204382","LF GUAVA PST 14z",1.29,"Groceries"
"00023545204801","LaFE SRDINS 5.5z",0.79,"Groceries"
"00023545208137","LF TAMARND 11.8z",1.29,"Groceries"
"00023545208670","LF BROWN SGAR 4b",5.99,"Groceries"
"00023545209240","U GLTNA FRE 5.3z",1.39,"Groceries"
"00023545209257","U GLTNA NRNJ 5.3",1.39,"Groceries"
"00023545209288","U GLTNA LMN 5.3z",1.39,"Groceries"
"00023545209370","U CHCHA MRDA 4.2",0.99,"Groceries"
"00023545305133","TRIGUISAR 2.4oz",1.29,"Groceries"
"00023545401804","LF MRIA COOKS 3½",0.5,"Groceries"
"00023545401828","LF MRIA COOKS 7z",0.99,"Groceries"
"00024000001942","DM TMATO SAUC 8z",0.89,"Groceries"
"00024000002109","DM PEACHES 4/4z",3.39,"Groceries"
"00024000002314","DM MIXD FRT 4/4z",3.39,"Groceries"
"00024000011071","DM PETITE 14½z",1.99,"Groceries"
"00024000011859","DM PNAPLE SL 20z",1.99,"Groceries"
"00024000015055","DM MANDRN T 4/4z",3.39,"Groceries"
"00024000015185","DM CHERRY M 4/4z",3.39,"Groceries"
"00024000015390","DM CHERRY MX 8¼z",1.39,"Groceries"
"00024000021407","DM FRT CCKTL 8½z",1.39,"Groceries"
"00024000021421","DM S PEACHES 8½z",1.39,"Groceries"
"00024000021575","DM APRICOT H 8½z",1.79,"Groceries"
"00024000021834","DM MANDRN OR 8¼z",1.39,"Groceries"
"00024000027973","DM SLI PEARS 8½z",1.39,"Groceries"
"00024000030560","DM D PEACH 4/4½z",3.59,"Groceries"
"00024000034094","DM CAL PEAH 4/4z",3.59,"Groceries"
"00024000034100","DM MIXD FRT 4/4z",3.59,"Groceries"
"00024000034117","DM CAL PEAH 4/4z",3.59,"Groceries"
"00024000034124","DM CHERRY M 4/4z",3.59,"Groceries"
"00024000034216","DM MANDARN O 15z",2.49,"Groceries"
"00024000034728","DM PETIT CUT 14½",1.99,"Groceries"
"00024000035589","DM PINAPPLE 4/4z",3.59,"Groceries"
"00024000035596","DM TRPC FRT 4/4z",3.59,"Groceries"
"00024000051978","DM D PEACH 4/4½z",3.59,"Groceries"
"00024000051985","DM MANDRIN 4/4½z",3.59,"Groceries"
"00024000051992","DM MXD FRT 4/4½z",3.59,"Groceries"
"00024000115526","DM MX FRUIT 4/4z",3.39,"Groceries"
"00024000163084","DM SWEET PEAS 15",1.99,"Groceries"
"00024000163190","DM MIXED VEG 14½",1.49,"Groceries"
"00024000167044","DM FRUIT CL 15¼z",2.49,"Groceries"
"00024000167143","DM PEACH HV 15¼z",2.49,"Groceries"
"00024000322009","CI CHCKN BRT 14½",1.39,"Groceries"
"00024000322016","CI BF FAT F 14½",1.39,"Groceries"
"00024000323204","CI BEEF BRTH 14½",1.39,"Groceries"
"00024000325000","CI GARDN VEG 14½",1.39,"Groceries"
"00024000356011","CONTADIN DICD 1b",2.79,"Groceries"
"00024000525714","DM MANGO PN 4/4z",3.29,"Groceries"
"00024600010016","MORTON SALT 1lb",1.29,"Groceries"
"00025183100729","SARDINES OIL 15z",2.49,"Groceries"
"00025293600904","SILK SOYMILK 1Qt",2.79,"Groceries"
"00025500000800","FOLGERS CLSC 12z",8.99,"Groceries"
"00025500003658","FLGR CLASIC 11.3",5.19,"Groceries"
"00025500003719","FLGR C DCAF 11.3",6.49,"Groceries"
"00025500003849","FLGR 100%CO 10.3",5.19,"Groceries"
"00025500003979","FLGR FRENCH 10.3",5.19,"Groceries"
"00027000378823","HUNTS DICED 28z",2.59,"Groceries"
"00027000379097","HUNTS CRUSHED 1b",2.59,"Groceries"
"00027000380109","HTS W PEELED 14½",1.99,"Groceries"
"00027000380116","HNTS W PEELED 1b",2.79,"Groceries"
"00027000381106","HUNTS DICED 14½z",1.99,"Groceries"
"00027000382493","HNTS KETCHUP 24z",2.09,"Groceries"
"00027000388150","HUNTS PASTE 6z",0.99,"Groceries"
"00027000388273","HUNTS PASTE 18z",2.69,"Groceries"
"00027000389690","HUNTS PUREE 1b",2.59,"Groceries"
"00027000389843","HUNTS PASTE 1b",3.29,"Groceries"
"00027000390054","HUNTS SAUCE 8z",0.89,"Groceries"
"00027000390146","HUNTS SAUCE 15z",1.99,"Groceries"
"00027000390238","HUNTS SAUCE 1b",2.59,"Groceries"
"00027000419007","SNK PK CHC 4/3¼z",1.69,"Groceries"
"00027000419229","SNK PK STB 4/3¼z",1.89,"Groceries"
"00027000485392","OR BUTTER 9.9oz",2.49,"Groceries"
"00027000490303","OR BUTTER 8.7oz",2.49,"Groceries"
"00027000612262","WESSON VGTBL 24z",3.79,"Groceries"
"00027000650868","WESSON OIL 48oz",6.89,"Groceries"
"00028000008246","JJ APPLE 64z",4.99,"Groceries"
"00028000033170","NSTL NIDO 12.6oz",4.99,"Groceries"
"00028000077372","MG CLDO CSTL 7.9",2.69,"Groceries"
"00028000123871","MG CLDO PLL 10.2",1.99,"Groceries"
"00028000149727","NSTL NESTM 14.1z",8.49,"Groceries"
"00028000157852","NSTL ABUELIT 19z",5.99,"Groceries"
"00028000159764","JJ BERRY 8/6¾oz",4.19,"Groceries"
"00028000213190","MG CLDO PLL 3.5z",1.39,"Groceries"
"00028000244606","NSTL NESQUIK 22z",2.79,"Groceries"
"00028000245009","NSTL NESQUIK 22z",2.79,"Groceries"
"00028000247959","MG CLDO PLL 2.43",0.89,"Groceries"
"00028000258955","JJ ORNGE T 8/6¾z",4.19,"Groceries"
"00028000275259","JJ APPLE 48oz",3.99,"Groceries"
"00028000299781","NSTL ABUELT 11.2",6.19,"Groceries"
"00028000333171","NSTL NIDO 12.6oz",7.99,"Groceries"
"00028000466312","NESCAF CLASIC 7z",9.99,"Groceries"
"00028000467012","NSCF CLASIC 1.7z",2.89,"Groceries"
"00028000469429","NSCF CLASIC 3.5z",4.99,"Groceries"
"00028000500313","MG CLDO RES 2.32",0.89,"Groceries"
"00028000500764","MG CLDO PLL 2.4z",0.89,"Groceries"
"00028000510411","MG PLL FDS 2.11z",0.79,"Groceries"
"00028000513108","MG PLL CRC 2.11z",0.79,"Groceries"
"00028000515911","MG CREMA P 2.26z",0.79,"Groceries"
"00028000516017","MG P ARROZ 2.11z",0.79,"Groceries"
"00028000516116","MG RES FDO 2.11z",0.79,"Groceries"
"00028000517205","NSTL /CREMA 7.6Z",2.49,"Groceries"
"00028000517311","MG CREMA M 2.82z",1.29,"Groceries"
"00028000517809","NSTL CONDNSD 14z",2.99,"Groceries"
"00028000518110","NSTL LECHER 3.5z",6.49,"Groceries"
"00028000518868","DULC/LECHE 13.4z",3.99,"Groceries"
"00028000521455","JJ FRUIT P 8/6¾z",4.19,"Groceries"
"00028000541361","JJ KIWI ST 8/6¾z",4.19,"Groceries"
"00028000542313","NESCAF CLASIC 7z",8.99,"Groceries"
"00028000544652","NSCF CLASCO 3.5z",4.99,"Groceries"
"00028000567149","JJ TROPICAL 64z",4.99,"Groceries"
"00028000675363","NSCAF OLLA 3.52z",4.99,"Groceries"
"00028000679903","NSTL NESQK 10.9z",3.79,"Groceries"
"00028000680404","NSTL NESQK 10.9z",3.79,"Groceries"
"00028000680909","NSTL NESQK 21.8z",5.99,"Groceries"
"00028000681401","NSTL NSQIK 21.8z",5.99,"Groceries"
"00028000683207","NTL CNDNSAD 15.8",4.99,"Groceries"
"00028000736095","MG SOPAS C 3.24z",1.29,"Groceries"
"00028000803193","MG CLDO PLL 7.9z",2.69,"Groceries"
"00028000852368","JJ APPLE 8/6¾oz",4.19,"Groceries"
"00028000874575","JJ GRAPE 8/6¾oz",4.19,"Groceries"
"00028571000540","R SARDINS ST 15z",2.69,"Groceries"
"00028571000694","SIREN PCA P 5.5z",1.09,"Groceries"
"00028571010334","LA SIRENA J 15z",1.99,"Groceries"
"00029000072121","PN PEANUTS 12oz",3.99,"Groceries"
"00029000072299","PN UNSALTED 12oz",4.09,"Groceries"
"00029700001148","IDAHOAN M 13¾oz",2.49,"Groceries"
"00030000010204","QO OLD FSHND 18z",3.29,"Groceries"
"00030000012000","QUAKER OATS 2lb",5.99,"Groceries"
"00030000050200","AJ ORIGINAL 1lb",2.49,"Groceries"
"00030000050408","AJ ORIGINAL 32oz",3.49,"Groceries"
"00030000050705","AJ COMPLETE 2lb ",3.49,"Groceries"
"00030000052907","AJ COMPLETE 1lb",2.49,"Groceries"
"00030000059500","AJ ORIGINAL 12oz",3.49,"Groceries"
"00030000059708","AJ ORIGINAL 24oz",4.99,"Groceries"
"00030000316849","QUAKR FLVR/V 15z",4.99,"Groceries"
"00030267700009","DC PEACH HLV 29z",2.99,"Groceries"
"00030267700016","DC FRUIT CTL 29Z",2.99,"Groceries"
"00031200200075","OS CRANBERRY 64z",4.49,"Groceries"
"00031200203007","OS CRANBERRY 3L",6.99,"Groceries"
"00031200261076","OS CRAN·RASP 64z",4.89,"Groceries"
"00031200370075","OS CRAN·STRW 64z",4.89,"Groceries"
"00031500001273","B&G SPEARS 24oz",3.59,"Groceries"
"00031500003048","B&G WHOLE 32oz",3.69,"Groceries"
"00031500003147","B&G SPEARS 16oz",2.99,"Groceries"
"00031500003383","B&G CHIPS 16oz",2.99,"Groceries"
"00033200011101","BAKING SODA 1lb",1.09,"Groceries"
"00033200011309","BAKING SODA 8z",0.69,"Groceries"
"00033844001018","BADIA SSNING 12z",3.49,"Groceries"
"00035568002906","PICO LIMóN 4oz",3.09,"Groceries"
"00036200002506","RGU TRDITINLS 1b",3.39,"Groceries"
"00036200003008","RGU FLAV MEAT 1b",3.99,"Groceries"
"00036200003503","RAGU MUSHROOM 1b",3.39,"Groceries"
"00036200004463","RGU SUPER VEG 1b",3.39,"Groceries"
"00036200013694","RAGU CHESY 16z",3.39,"Groceries"
"00036200013755","RGU SIX CHEES 1b",3.99,"Groceries"
"00036426300332","MIRA MNGO 3/6.7z",1.79,"Groceries"
"00036426300349","MIRA MANGO 1L",2.29,"Groceries"
"00036426300356","MIRA PEAR 1L",1.99,"Groceries"
"00036426300363","MIRA FRUIT CK 1L",2.29,"Groceries"
"00036426300431","MIRA GUAVA 1L",2.29,"Groceries"
"00036426300448","MIRA PNEAPPLE 1L",1.99,"Groceries"
"00036426300479","MIRA FRT 3/200ml",1.79,"Groceries"
"00036426500381","MIRA STW BANA 1L",2.29,"Groceries"
"00036426500473","MIRA S B 3/200ml",1.79,"Groceries"
"00037297122207","MASECA 2.2lb",2.29,"Groceries"
"00037297914475","MASECA 4.4lb",3.99,"Groceries"
"00037297944472","MASECA TAML 4.4b",4.49,"Groceries"
"00037600138727","SPAM CLASSIC 12z",4.19,"Groceries"
"00037600175340","SPAM LITE 12oz",4.19,"Groceries"
"00038000016110","SPCIAL K ORG 12z",5.59,"Groceries"
"00038000318467","KL KRISPIES 12z",5.49,"Groceries"
"00038000391118","KL CORN POPS 17z",5.99,"Groceries"
"00038000391187","FROOTS LOOPS 12z",5.49,"Groceries"
"00038000391255","FROOT LOOPS 8.7z",4.89,"Groceries"
"00038000391347","KL APP JACKS 12z",5.49,"Groceries"
"00038000576003","SPK VAN/ALMD 12z",5.59,"Groceries"
"00038000596445"," FRSTD FLKES 10½",5.49,"Groceries"
"00038000596551","FRASTD FLAKS 15z",5.69,"Groceries"
"00038000599217","SPK RED BRRS 14¾",6.69,"Groceries"
"00038000717130","KF FLAKS CHC 14¾",5.89,"Groceries"
"00038000787119","KL SPECIAL K 12½",5.59,"Groceries"
"00038000844874","PG REDC/FAT 151g",2.49,"Groceries"
"00038000844881","PG SR RED/F 160g",2.49,"Groceries"
"00038000844966","PG ORIGINAL 161g",2.29,"Groceries"
"00038000845093","PG LIG/SLTD 161g",2.49,"Groceries"
"00038000845246","PG ORIGINAL 67g",1.29,"Groceries"
"00038000845277","PRINGLS BBQ 71g",1.29,"Groceries"
"00038000845512","PG ORIGINAL 37g",0.89,"Groceries"
"00038000845529","PG SOUR/CREM 40g",0.89,"Groceries"
"00038000845536","PG CHEDDAR/C 40g",0.89,"Groceries"
"00038000845543","PRINGLS PIZZ 40g",0.89,"Groceries"
"00038000845758","PG ORIGINAL 152g",3.79,"Groceries"
"00038000845765","PG SOUR/CRM 168g",3.79,"Groceries"
"00038225000031","MAZAMORRA 14oz",1.99,"Groceries"
"00038225000116","NATLLA/PANLA 12z",1.79,"Groceries"
"00038527109005","FA VAINILLA 11.1",3.29,"Groceries"
"00038527109104","FA CANELA 11.1oz",3.29,"Groceries"
"00038527109500","FA FRESA 11.1oz",3.29,"Groceries"
"00038527135042","Q QUICK OAT 11.6",2.99,"Groceries"
"00038527135349","Q IN CNNMN 11.6z",2.99,"Groceries"
"00038629002211","GT ANIMLITS 400g",1.39,"Groceries"
"00038900004620","DOLE PINA CK 20z",2.09,"Groceries"
"00038900008185","DOLE PNAPL J 46z",2.49,"Groceries"
"00038900090814","DOLE T FRUT 15¼z",1.99,"Groceries"
"00039000008006","ORTGA 12 YCT 5.8",2.89,"Groceries"
"00039000008204","ORTGA SS MIX 1¼z",1.19,"Groceries"
"00039000010122","ORTGA SOFT 15.8z",2.89,"Groceries"
"00039000010955","ORTGA REFRIED 1b",1.99,"Groceries"
"00039000081047","CORNED BEEF 12z",5.49,"Groceries"
"00039000086622","LB VIENNA SS 8½z",1.69,"Groceries"
"00039000086714","LB CHICKEN V 8½z",1.6,"Groceries"
"00039000448994","ORTEGA SALSA 16z",3.29,"Groceries"
"00040100007219","ActivDry YEAST 4",7.89,"Groceries"
"00040300022005","HECKERS 100% 2lb",2.49,"Groceries"
"00041000005701","WISH B RANCH 8z",2.09,"Groceries"
"00041000006029","WB BLUE CHEES 8z",1.99,"Groceries"
"00041000006104","WB ITALIAN 16oz",3.79,"Groceries"
"00041000006142","WB C ITALIAN 8oz",1.99,"Groceries"
"00041000006500","WB D FRENCH 16z",3.79,"Groceries"
"00041000006524","WB D FRENCH 8z",2.09,"Groceries"
"00041000219757","LT ICE TEA 28.3z",4.49,"Groceries"
"00041000418624","LT ICE TEA 74.1z",8.69,"Groceries"
"00041129077641","CLASSICO R/G 15z",3.69,"Groceries"
"00041143024508","SUNMAID RSINS 9z",2.59,"Groceries"
"00041143120101","SUNMAID RSN 6/1z",2.49,"Groceries"
"00041196010220","P VEG LENTIL 19z",2.79,"Groceries"
"00041196010886","P CHCKN NDLE 19z",3.19,"Groceries"
"00041196101072","PRGRS BLSAMC 12z",2.99,"Groceries"
"00041196406740","P PANKO ITA S 8z",2.99,"Groceries"
"00041196406757","P PANKO PLAIN 8z",2.99,"Groceries"
"00041196453850","P CRMY RCWR 18½z",3.19,"Groceries"
"00041196891010","PRGRS ITALIAN 8z",1.49,"Groceries"
"00041196891058","PROGRES PLAIN 1b",2.99,"Groceries"
"00041196891072","PRGRS ITALIAN 1b",2.99,"Groceries"
"00041196891089","PRGRES PLAIN 15z",2.29,"Groceries"
"00041196910643","P CHCKN BRLY 18½",3.19,"Groceries"
"00041196910940","P BEEF BARLEY 19",3.19,"Groceries"
"00041331011051","EV OLIVE OIL 8½z",3.39,"Groceries"
"00041331011075","EV OLIVE OIL 17z",6.99,"Groceries"
"00041331012294","GY CORN OIL 24oz",3.49,"Groceries"
"00041331012317","GY CORN OIL 48oz",0,"Groceries"
"00041331013321","SPANSH OLIVS 20z",4.99,"Groceries"
"00041331013772","GY CAPERS 4¼oz",1.99,"Groceries"
"00041331014175","PITTED OLIVES 7z",1.99,"Groceries"
"00041331014212","PITTED OLVS 19¼z",4.99,"Groceries"
"00041331014618","SLCD RIPE O 5¾oz",1.99,"Groceries"
"00041331014656","ALCAPARRADO 8oz",1.99,"Groceries"
"00041331014670","SPNSH OLIVES 6¾z",1.99,"Groceries"
"00041331014694","OLIVES PIMNTO 6¾",1.99,"Groceries"
"00041331014779","SALAD OLIVES 7oz",1.99,"Groceries"
"00041331014953","BLACK LIVES 6oz",2.19,"Groceries"
"00041331020039","GREEN P PEAS 29z",2.69,"Groceries"
"00041331020053","GREEN W CCNT 15½",1.49,"Groceries"
"00041331020510","RED KIDNEY B 15z",1.39,"Groceries"
"00041331020558","PNK GUIZADAS 15z",1.39,"Groceries"
"00041331020671","BLACK B SOUP 15z",1.39,"Groceries"
"00041331021463","GY SOFRITO 12oz",1.99,"Groceries"
"00041331021487","GY SOFRITO 6oz ",1.29,"Groceries"
"00041331021524","GY RECAITO 12oz",2.19,"Groceries"
"00041331021548","GY LIQUID S 30oz",2.99,"Groceries"
"00041331021630","GY CRM CCNT 15z ",2.19,"Groceries"
"00041331021647","GY C MILK 13½oz",1.79,"Groceries"
"00041331021685","GY C MILK 25½oz",3.29,"Groceries"
"00041331023481","RED KIDNEY B 47z",2.99,"Groceries"
"00041331023498","GY CHICK P 47oz",2.99,"Groceries"
"00041331023535","GY BLACK B 47oz",2.99,"Groceries"
"00041331024006","RED KIDNEY B 29z",1.99,"Groceries"
"00041331024112","GY PINK B 29oz",1.99,"Groceries"
"00041331024150","GY ROMAN B 29oz",1.99,"Groceries"
"00041331024198","GY CHICK P 29oz",1.99,"Groceries"
"00041331024426","GY PINTO B 29oz",1.99,"Groceries"
"00041331024655","GY BLACK B 29oz",1.99,"Groceries"
"00041331024709","GY SM WTE B 16z",1.59,"Groceries"
"00041331024716","GY RED KDNY B 16",1.99,"Groceries"
"00041331024723","GY PINTO BNS 16z",1.39,"Groceries"
"00041331024730","GY BBY LMA B 16z",1.69,"Groceries"
"00041331024747","GY BLCKEYE P 16z",1.69,"Groceries"
"00041331024754","GY WLE GRN P 16z",0.99,"Groceries"
"00041331024761","GY LENTILS 16oz",1.29,"Groceries"
"00041331024778","GY PINK BNS 16z ",1.99,"Groceries"
"00041331024785","GY CHICK PS 16oz",1.99,"Groceries"
"00041331024792","GY BLACK BNS 16z",1.49,"Groceries"
"00041331024808","GY DMNCN R B 16z",1.99,"Groceries"
"00041331024822","GY PIGEON P 16z",1.69,"Groceries"
"00041331024839","GY ROMAN BNS 16z",1.99,"Groceries"
"00041331024846","GY LG FAVA B 16z",1.99,"Groceries"
"00041331024860","GY SM RED BN 16z",1.89,"Groceries"
"00041331024877","GY GRN SPLT P 16",1.19,"Groceries"
"00041331024884","GY CANNELLINI 16",1.99,"Groceries"
"00041331024907","GY NAVY BNS 16oz",1.79,"Groceries"
"00041331024914","GY YLW SPLT P 16",1.09,"Groceries"
"00041331024921","GY YLW POPCN 16z",1.39,"Groceries"
"00041331024938","GY WL YLLW B 16z",0.99,"Groceries"
"00041331024945","GY BARLEY 16oz",1.19,"Groceries"
"00041331024952","GY CANARY B 16oz",2.99,"Groceries"
"00041331024976","GY WTE HMNY C 16",1.39,"Groceries"
"00041331024983","GY GLDN HMNY 16z",1.29,"Groceries"
"00041331024990","GY GNT WTE C 14z",1.99,"Groceries"
"00041331025010","GY PARDINA L 16z",1.59,"Groceries"
"00041331025027","16 BN SP MIX 16z",2.29,"Groceries"
"00041331025041","GY PLD FAVA B 16",2.69,"Groceries"
"00041331025164","GY LENTILS 4lbs",4.99,"Groceries"
"00041331025225","GY GNT WTE 3lbs",9.99,"Groceries"
"00041331025232","GY BLACK BN 4lbs",5.99,"Groceries"
"00041331025249","GY ROMAN BN 4lbs",7.49,"Groceries"
"00041331025263","GY PINTO BN 4lbs",5.99,"Groceries"
"00041331025799","GY CHAMPIÑONS 4z",1.49,"Groceries"
"00041331025980","GY W HOMINY 29oz",1.99,"Groceries"
"00041331025997","GY W HOMINY 96oz",5.29,"Groceries"
"00041331026383","CANILLA 20lbs",10.99,"Groceries"
"00041331026437","YELLOW RICE 6oz",2.19,"Groceries"
"00041331026604","pAELLA RICE 19oz",5.29,"Groceries"
"00041331026628","YELLOW RICE 8oz",2.59,"Groceries"
"00041331026635","MEXICAN RICE 8oz",2.39,"Groceries"
"00041331026659","R&B BEANS 8oz",2.19,"Groceries"
"00041331026666","R&R BEANS 8oz",2.19,"Groceries"
"00041331026697","RICE W/CHCKN 17z",3.99,"Groceries"
"00041331027823","GY PNAPLE JU 42z",2.69,"Groceries"
"00041331027854","GY AG COCO 11.8z",1.29,"Groceries"
"00041331027878","GY AG COCO 17.6z",1.49,"Groceries"
"00041331028400","GY S PNAPPLE 20z",1.99,"Groceries"
"00041331028417","GY PINA CHNK 20z",2.09,"Groceries"
"00041331028578","GY SLICED JP 11z",1.99,"Groceries"
"00041331028615","GY SERRANO PP 11",1.69,"Groceries"
"00041331028622","GY SERRAN PP 26z",2.49,"Groceries"
"00041331028653","GY RODAJAS PP 1b",2.49,"Groceries"
"00041331028899","GY SLS VERD 17.6",2.39,"Groceries"
"00041331029018","TRADITIONAL 16oz",1.39,"Groceries"
"00041331029032","RANCHEROS B 16oz",1.39,"Groceries"
"00041331029728","GY PANELA 1lb",1.99,"Groceries"
"00041331029872","GY PACAYA 32oz",6.99,"Groceries"
"00041331030571","GY LEMON J 32oz",3.09,"Groceries"
"00041331030601","GY MOJO C 24½oz",2.69,"Groceries"
"00041331030632","GY N AGRIA 24½oz",2.69,"Groceries"
"00041331031394","GY LEMON J 8oz",1.39,"Groceries"
"00041331031769","GY PUDN CHCLT 3½",0.99,"Groceries"
"00041331031882","GOYA FLAN 5.5z",1.79,"Groceries"
"00041331032001","GOYA HONEY 16oz",7.29,"Groceries"
"00041331032025","GOYA HONEY 8oz",3.99,"Groceries"
"00041331032063","GOYA HONEY 8oz",3.79,"Groceries"
"00041331032100","GOYA HONEY 16oz",8.29,"Groceries"
"00041331032407","GY CLDO PLL 2.82",1.09,"Groceries"
"00041331032421","GY CLDO CRN 2.82",1.19,"Groceries"
"00041331033213","GY VIENNA SS 4¾z",0.99,"Groceries"
"00041331033220","GY VIENNA SS 9oz",1.99,"Groceries"
"00041331033619","GY CORNED BF 12z",5.69,"Groceries"
"00041331034012","GY MANTECA 16oz",2.49,"Groceries"
"00041331034029","GY MANTECA 40oz",6.19,"Groceries"
"00041331036108","GY SARDINES 4oz",2.49,"Groceries"
"00041331036320","SQUID CALAMAR 4z",1.89,"Groceries"
"00041331036375","OCTOPUS PULPO 4z",2.69,"Groceries"
"00041331036498","GY ATUN JL 5.82z",2.29,"Groceries"
"00041331036900","GY LECHE CON 14z",1.99,"Groceries"
"00041331036917","GY EVPORT/MLK 12",1.49,"Groceries"
"00041331037242","GY LINDEN F 1/5z",2.69,"Groceries"
"00041331037266","GY G OREGANO 1¼z",3.29,"Groceries"
"00041331037273","GY ALLSPICE 1½oz",3.99,"Groceries"
"00041331037280","GY ANISE S 1.8oz",3.39,"Groceries"
"00041331037297","GY CLOVES W 1.2Z",3.99,"Groceries"
"00041331037372","GY BAY LEAF 1/5z",2.59,"Groceries"
"00041331037402","GY CINNAMON 1¹/5",2.69,"Groceries"
"00041331037426","GY CURRI J 1¾oz",2.99,"Groceries"
"00041331037433","GY CUMIN SEED 1½",3.49,"Groceries"
"00041331037464","GY G CUMIN 1.8oz",2.49,"Groceries"
"00041331037501","GY G CNNMON 2.1z",3.49,"Groceries"
"00041331037563","GY ONION P 2½oz ",2.99,"Groceries"
"00041331037600","GY CHAMONILE .4z",3.39,"Groceries"
"00041331037631","GY PAPRIKA 1.16z",2.99,"Groceries"
"00041331037679","GROUND B P 1.8z ",2.99,"Groceries"
"00041331037761","GY ACHIOTE 6.33z",4.29,"Groceries"
"00041331037778","GY AZAFRAN 3.52z",2.49,"Groceries"
"00041331037785","GY SIN ACHT 3.52",2.99,"Groceries"
"00041331037792","GY ACHIOTE 3.52z",2.29,"Groceries"
"00041331037815","GY SIN ACHT 2.11",1.19,"Groceries"
"00041331037822","GY ACHIOTE 1.41z",1.09,"Groceries"
"00041331037846","GY AZAFRAN 1.41z",1.09,"Groceries"
"00041331038027","SZNDR TOTAL P 11",3.09,"Groceries"
"00041331038041","CKNG WTE W 25.4z",2.49,"Groceries"
"00041331038058","CKNG RED W 25.4z",2.39,"Groceries"
"00041331038072","GY OREGANO L 2/5",2.69,"Groceries"
"00041331038164","ADBO L&P 8oz",1.69,"Groceries"
"00041331038171","ADBO NARANJA A 8",1.79,"Groceries"
"00041331038201","ADBO CUMIN 8oz",1.69,"Groceries"
"00041331038225","ADBO CUMIN 16½z",2.59,"Groceries"
"00041331038270","ADBO W/PPR 16½oz",2.69,"Groceries"
"00041331038287","ADBO W/PPR 8oz",1.69,"Groceries"
"00041331038294","ADBO W/O PPR 8z",1.69,"Groceries"
"00041331038300","ADBO W/O PPR 16½",2.5,"Groceries"
"00041331038317","GY ANNATTO S 2.6",2.79,"Groceries"
"00041331038348","ADBO NARANJA 16½",2.69,"Groceries"
"00041331038355","ADBO L&P 16½oz",2.59,"Groceries"
"00041331038362","ADBO LIGHT PP 8z",1.99,"Groceries"
"00041331038379","SBR A JAMON 1.41",1.09,"Groceries"
"00041331038409","GY SALAD&VE 1.41",0.99,"Groceries"
"00041331038416","GY SALAD&VG 3.52",2.49,"Groceries"
"00041331038423","ADBO W/PPR 28oz",3.79,"Groceries"
"00041331038430","ADBO W/O PPR 28z",3.79,"Groceries"
"00041331038447","ADBO CUMIN 28oz",3.89,"Groceries"
"00041331038522","GY AJI PICNTE 6z",2.49,"Groceries"
"00041331038546","GY AJI PICNTE 6z",2.49,"Groceries"
"00041331038577","GY HOT SAUCE 6z",1.09,"Groceries"
"00041331038591","GY HOT SAUC 12z",1.89,"Groceries"
"00041331038621","GY KETCHUP 20z",1.99,"Groceries"
"00041331038843","SZNDR TOTAL 11oz",3.09,"Groceries"
"00041331038898","GY ACHIOTINA 10¼",2.99,"Groceries"
"00041331039055","GY GARLIC 9.5oz",3.99,"Groceries"
"00041331039130","GY GARLIC 8oz",2.49,"Groceries"
"00041331039147","GY GARLIC 32oz",3.79,"Groceries"
"00041331039178","GY PEELED T 28oz",1.79,"Groceries"
"00041331039284","GY FANCY P 6½oz",1.49,"Groceries"
"00041331039314","GY APPLE V 16oz",0.99,"Groceries"
"00041331039338","GY APPLE V 32oz",1.99,"Groceries"
"00041331039352","GY WHITE V 16oz",0.99,"Groceries"
"00041331039376","GY WHITE V 32oz",1.99,"Groceries"
"00041331039420","GY SODA CRCKS 8z",2.49,"Groceries"
"00041331039505","GY SODA CRACK 1b",5.29,"Groceries"
"00041331039536","GY T SAUCE 29oz",1.79,"Groceries"
"00041331039611","GY T SAUCE 8oz",0.5,"Groceries"
"00041331039628","GY PENNE RIG 16z",0.99,"Groceries"
"00041331039635","GY T SAUCE 15oz",0.99,"Groceries"
"00041331039642","GY SPAGHETTI 16z",0.99,"Groceries"
"00041331039659","GY ELBOW 16oz",0.99,"Groceries"
"00041331039666","GY SHELLS 16oz",0.99,"Groceries"
"00041331039680","GY T PASTE 18oz",1.99,"Groceries"
"00041331039697","GY T PASTE 6oz",0.99,"Groceries"
"00041331039703","GY T PASTE 28oz",2.59,"Groceries"
"00041331039734","GY FIDELINI 12oz",1.99,"Groceries"
"00041331049429","GY MRIA COOKS 3z",0.5,"Groceries"
"00041331049436","GY MRIA COOKS 7z",0.99,"Groceries"
"00041331049443","GY MRIA COOKS 1b",3.39,"Groceries"
"00041331049474","GY PALMRITS 5.8z",0.99,"Groceries"
"00041331049481","GY GALLETAS 10½z",1.79,"Groceries"
"00041331049672","GY PALMERITS 3z",0.5,"Groceries"
"00041331049689","GY CHOCOLAT 3½z",0.79,"Groceries"
"00041331049696","GY CHOCOLATE  7z",0.99,"Groceries"
"00041331049757","GY VAINILLA 160g",0.99,"Groceries"
"00041331049764","GY STRAWBRR 160g",0.99,"Groceries"
"00041331049788","GY DULC/LCH 160g",0.99,"Groceries"
"00041331049795","GY CHOCOLAT 160g",0.99,"Groceries"
"00041331050753","WT MASAREPA 5lbs",7.49,"Groceries"
"00041331050760","YW MASAREPA 5lbs",7.69,"Groceries"
"00041331050777","GY HRN BLANC 24z",1.99,"Groceries"
"00041331050807","GY KIEPE-BLE 24z",2.09,"Groceries"
"00041331050982","BACALAITOS 4½oz",2.99,"Groceries"
"00041331050999","GY HRNA MAIZ 24z",1.99,"Groceries"
"00041331051002","GY HRNA MAIZ 24z",1.99,"Groceries"
"00041331051040","GY HRIN TRIG 24z",1.99,"Groceries"
"00041331051064","GY HRNA ARRZ 24z",2.49,"Groceries"
"00041331052368","GOYA CAFE 8.8oz",3.79,"Groceries"
"00041331120012","GREEN P PEAS 15Z",1.29,"Groceries"
"00041331124027","RED KIDNEY B 15½",0.99,"Groceries"
"00041331124065","GY PINK B 15½oz ",0.99,"Groceries"
"00041331124126","SM WHITE B 15½oz",1.29,"Groceries"
"00041331124164","GY ROMAN B 15½oz",0.99,"Groceries"
"00041331124201","SMALL RED B 15½z",0.99,"Groceries"
"00041331124225","GY CHICK P 15½oz",0.99,"Groceries"
"00041331124263","BLACKEYE P 15½oz",0.99,"Groceries"
"00041331124324","DOM RED B 15½",0.99,"Groceries"
"00041331124379","GY PINTO B 15½oz",0.99,"Groceries"
"00041331124430","GY BUTTER B 15½z",1.39,"Groceries"
"00041331124461","CANNELLINI 15½oz",1.29,"Groceries"
"00041331124515","GY CANARY B 15½z",1.19,"Groceries"
"00041331124560","GY LENTILS 15½oz",1.09,"Groceries"
"00041331124614","CHICHAROS 15½oz",0.99,"Groceries"
"00041331124669","GY BLACK B 15½oz",0.99,"Groceries"
"00041331125352","GY GRN BEANS 14½",1.09,"Groceries"
"00041331125390","GY CUT G BNS 14½",1.19,"Groceries"
"00041331125536","PS & CARROTS 15Z",1.29,"Groceries"
"00041331125567","GY GOLDEN C 15¼z",0.99,"Groceries"
"00041331125659","MIXED VEG 14.9oz",1.09,"Groceries"
"00041331125697","SLICED BEETS 15z",1.09,"Groceries"
"00041331125734","GY S CARROTS 14½",1.09,"Groceries"
"00041331125819","GY LIMA B 15oz",1.29,"Groceries"
"00041331125963","GY W HOMINY 15oz",0.99,"Groceries"
"00041387412246","4C SEASONED 24oz",2.99,"Groceries"
"00041387612158","4C PLAIN 15oz",2.29,"Groceries"
"00041387662245","4C PLAIN 24oz",2.99,"Groceries"
"00041387929850","4C ICE TEA 74.2z",8.79,"Groceries"
"00041500000251","FRNCH'S YLLW 14z",2.49,"Groceries"
"00041736001602","FB OLVE OIL 25.3",9.99,"Groceries"
"00041736001800","FB OLVE OIL 16.9",7.39,"Groceries"
"00041736010130","FB OLVE OIL 25.3",11.99,"Groceries"
"00041736010147","FB OLVE OIL 16.9",8.49,"Groceries"
"00041736030138","FB LIGT OIL 25.3",9.99,"Groceries"
"00041736040144","FB ORGNIC OIL 16",8.99,"Groceries"
"00041800207503","WELCH'S GRPE 64z",5.69,"Groceries"
"00041820069815","BORDN CREMRA 16z",4.89,"Groceries"
"00042400024231","BRRY CRUNCH 12½z",2.29,"Groceries"
"00042400038689","APPLE ZINGS 12½z",2.29,"Groceries"
"00042400068556","FRSTED FLAKS 15z",2.29,"Groceries"
"00042400069232","TOTIE FRUITIS 1¾",3.49,"Groceries"
"00042400069379","COCO ROOS 17.7z",3.49,"Groceries"
"00042400069409","HNY NUT SCTRS 1b",3.49,"Groceries"
"00042400069461","GOLDN PUFFS 1¾z",3.49,"Groceries"
"00042400087564","RAISIN BRAN 15z",2.29,"Groceries"
"00042400112785","GOLDN PUFFS 14z ",2.29,"Groceries"
"00042400112792","TOTIE FRUITS 11½",2.29,"Groceries"
"00042400114758","COCO ROOS 10½z",2.29,"Groceries"
"00042400137320","FARINA 28oz",4.39,"Groceries"
"00042400137559","FARINA 14oz",2.79,"Groceries"
"00043000029220","MH ORIGNL R 11.5",5.09,"Groceries"
"00043000029268","MH 100%COL 10.5z",5.09,"Groceries"
"00043000032268","TANG ORNG 4Lb 8z",12.49,"Groceries"
"00043000032831","MH HOUSE B 10.5z",5.09,"Groceries"
"00043000045831","KOOL·AID PCH 19z",3.99,"Groceries"
"00043000045848","KOOL·AID S K 19z",3.99,"Groceries"
"00043000048177","JELLO MANGO 3z",1.29,"Groceries"
"00043000200018","JLLO STRAWBER 3z",1.29,"Groceries"
"00043000200049","JELLO ORANGE 3z",1.29,"Groceries"
"00043000200056","JELLO LEMON 3z",1.29,"Groceries"
"00043000200070","JLLO CRANBERY 3z",1.29,"Groceries"
"00043000200162","JLLO STRAWB/B 3z",1.29,"Groceries"
"00043000200247","JELLO PEACH 3oz",1.29,"Groceries"
"00043000200292","JLLO WATRMELN 3z",1.29,"Groceries"
"00043000200520","JELLO RASPB/F 6z",1.99,"Groceries"
"00043000200544","JELLO ORANGE 6z",1.99,"Groceries"
"00043000200582","JELLO BLACK/C 6z",1.99,"Groceries"
"00043000212004","JELLO FLAN 3z",1.49,"Groceries"
"00043000276402","BAKER`S FLAKE 7z",2.49,"Groceries"
"00043000285213","KRFT ST CHCKN 6z",1.59,"Groceries"
"00043000951170","COUNTRY TIME 19z",3.99,"Groceries"
"00043000953501","KOOLAID TROP 19z",3.99,"Groceries"
"00043000953518","KOOLAID LEMN 19z",3.99,"Groceries"
"00043000953525","KOOLAID GRPE 19z",3.99,"Groceries"
"00043000953549","KOOLAID ORNG 19z",3.99,"Groceries"
"00043000953556","KOOLAID STRW 19z",3.99,"Groceries"
"00043000953686","KOOLAID CH 6/6¾z",1.69,"Groceries"
"00043000953693","KOOLAID TP 6/6¾z",1.69,"Groceries"
"00043000953709","KOOLAID GR 6/6¾z",1.69,"Groceries"
"00043000953730","KOOLAID BB 6/6¾z",1.69,"Groceries"
"00043000957400","KOOLAID TRP 82½z",12.69,"Groceries"
"00044000000554","PRMIUM UNSLTD 1b",3.89,"Groceries"
"00044000000578","PREMIUM ORIG 1lb",3.89,"Groceries"
"00044000005979","TG CHCLT/CHP 10z",3.99,"Groceries"
"00044000026943","OREO F CRMS 11.3",4.99,"Groceries"
"00044000027353","MINI NILLA 11z",5.29,"Groceries"
"00044000031114","RITZ ORIG 13.7z",4.99,"Groceries"
"00044000031336","RTZ W/WHEAT12.9z",4.99,"Groceries"
"00044000032029","GLDN CHCOLT 14.3",5.59,"Groceries"
"00044000032197","CHIPS/A ORIG 13z",4.49,"Groceries"
"00044000032210","CHPS/A CHNKY 11¾",4.69,"Groceries"
"00044000032234","CHPS/A CHEWY 13z",4.69,"Groceries"
"00044000032586","GOLDN OREO 14.3z",5.59,"Groceries"
"00044000045579","TG CHOCOLATE 10z",3.99,"Groceries"
"00044000045586","TEDDY G HONY 10z",3.99,"Groceries"
"00044000045593","TG CINNAMON 10z",3.99,"Groceries"
"00044300125131","LA CHOY SAUC 10z",2.49,"Groceries"
"00047416029607","DUX SALTINES 16z",4.99,"Groceries"
"00047416029706","DUCALES 14z",5.39,"Groceries"
"00047416029744","FESTY CHOC 12.2z",1.99,"Groceries"
"00047416029768","FESTY VAIN 12.2z",1.99,"Groceries"
"00047416029775","DUCALES 294g",1.5,"Groceries"
"00047416040954","Dux ORIGINL 250g",1.5,"Groceries"
"00047416051288","DUX INTEGRL 250g",1.5,"Groceries"
"00048000250056","VANC TUN AGUA 5z",2.99,"Groceries"
"00048000250155","VANC TUNA OIL 5z",2.5,"Groceries"
"00048000250254","VANC TUNA OIL 9z",5.99,"Groceries"
"00048001006430","SKIPPY CMY 16.3z",3.99,"Groceries"
"00048001006812","SKIPPY CMY 16.3z",3.99,"Groceries"
"00048001025813","HELLMANN'S R 9z",3.49,"Groceries"
"00048001025820","HELLMANN'S L 9z",3.49,"Groceries"
"00048001025899","HELLMANN'S L 16z",4.99,"Groceries"
"00048001026131","HELLMANN'S R 16z",4.99,"Groceries"
"00048001213388","HELLMANN'S R 15z",4.39,"Groceries"
"00048001213449","HELLMANN'S L 15z",4.39,"Groceries"
"00048001213487","HELLMANN'S R 30z",7.19,"Groceries"
"00048001213920","HELLMANN'S C 30z",6.99,"Groceries"
"00048001219830","KR CLDO CMRN 3.1",1.49,"Groceries"
"00048001219847","KR CLDO TMTE 3.1",0.99,"Groceries"
"00048001219854","KR CLDO RES 3.1z",0.99,"Groceries"
"00048001219892","KR CLDO PLLO 3.1",1.09,"Groceries"
"00048001265042","HELLMANN'S R 8z",2.99,"Groceries"
"00048001270602","SKIPPY CRMY 12oz",3.49,"Groceries"
"00048001711273","MAIZENA 14.1z",1.5,"Groceries"
"00049200007228","DOMINO SUGAR 1lb",1.79,"Groceries"
"00049200042014","DOMINO SUGAR 1lb",1.49,"Groceries"
"00049200043509","DOMINO SUGAR 2lb",2.59,"Groceries"
"00049200045503","DOMINO SUGAR 4lb",2.99,"Groceries"
"00049200045701","DOMINO SUGAR 4lb",3.99,"Groceries"
"00049200047545","DOMINO SUGAR 10b",7.99,"Groceries"
"00049200049006","ORGNIC SUGAR 24z",2.69,"Groceries"
"00049200051009","D CNFCTNRS S 1lb",1.49,"Groceries"
"00050000010110","CARNATION EV 12z",1.5,"Groceries"
"00050000110810","CARNATION C 14z",3.09,"Groceries"
"00050000160112","CARNTION FAT 12z",1.5,"Groceries"
"00050000216673","GRBR GENTL 12.7z",18.99,"Groceries"
"00050000300624","CF MATE ORGNL 6z",2.09,"Groceries"
"00050000301522","CF MATE ORGNL 11",3.29,"Groceries"
"00050100503659","A MANTECA 2.5lb",4.99,"Groceries"
"00050200003301","SUNNYD SMTH 64oz",2.29,"Groceries"
"00050200008214","SUNNYD TANGY 64z",2.29,"Groceries"
"00051000000118","C TOMATO SP 10¾z",2.09,"Groceries"
"00051000002846","V8 ORIGINAL 32oz",3.09,"Groceries"
"00051000012616","C CRM MUSHRM 10¾",1.89,"Groceries"
"00051000025524","BEEF GRAVY 14½z",1.79,"Groceries"
"00051000025784","CHCKEN GRAVY 14½",1.79,"Groceries"
"00051000027948","PREG FLV MEAT 1b",3.39,"Groceries"
"00051000027993","PREG MARINAR 23z",3.39,"Groceries"
"00051000028280","CMPBLLS NODL 10½",2.19,"Groceries"
"00051000059376","C CRM ASPRG 10½z",2.19,"Groceries"
"00051000107756","TURKEY GRVY 14½z",1.79,"Groceries"
"00051000125736","V8 TROPICAL 64z",3.39,"Groceries"
"00051000127112","V8 BERRY BLN 64z",3.39,"Groceries"
"00051000127730","V8 STWB KIWI 64z",3.39,"Groceries"
"00051000130624","V8 FRUIT MED 64z",3.39,"Groceries"
"00051000152770","V8 MANGO PCH 64z",3.39,"Groceries"
"00051000155894","CMPBLLS SOUP 10½",2.19,"Groceries"
"00051000203458","V8 GRAPE BLN 64z",3.39,"Groceries"
"00051000203465","V8 APPLE MED 64z",3.39,"Groceries"
"00051000212580","V8 CARROT OR 64z",3.39,"Groceries"
"00051500000755","SK APRICOT P 12z",2.89,"Groceries"
"00051500000793","SK BLUBRRY P 12z",2.89,"Groceries"
"00051500000816","SK CHERRY PR 12z",2.89,"Groceries"
"00051500000878","SK PNAPPLE P 12z",2.99,"Groceries"
"00051500000892","SK RED RSPBY 12z",3.19,"Groceries"
"00051500001639","SK STRWB JAM 32z",3.99,"Groceries"
"00051500022085","SK GRAPE JLY 12z",2.69,"Groceries"
"00051500022153","SK STRWBRY J 12z",2.99,"Groceries"
"00051500057117","SK GRAPE JLY 20z",2.69,"Groceries"
"00051500057223","SK STRAWBRRY 20z",3.09,"Groceries"
"00051500176658","CRISCO VGTBL 64z",7.39,"Groceries"
"00051500243923","CRISCO VGTBL 16z",2.89,"Groceries"
"00051500251515","CRISCO CANLA 48z",5.99,"Groceries"
"00051500251621","CRISCO VGTBL 32z",4.59,"Groceries"
"00051500253625","CRISCO VGTBL 48z",5.69,"Groceries"
"00051500254790","CRISCO CANOL 32z",4.89,"Groceries"
"00051500255186","JIF CREAMY 16oz",3.89,"Groceries"
"00051500255483","CRISC NTRL B 48z",5.99,"Groceries"
"00051500706572","CRISCO CORN 48z",5.99,"Groceries"
"00052000121254","GATORADE B 6/12z",5.49,"Groceries"
"00052000121261","GATORADE S 6/12z",5.49,"Groceries"
"00052000129359","GATORADE O 6/12Z",5.49,"Groceries"
"00052000335828","GATORADE FRE 64z",3.29,"Groceries"
"00052000337754","GATORADE FT 1GAL",5.99,"Groceries"
"00052000337761","GATORADE LM 1GAL",5.99,"Groceries"
"00052000338300","GATORADE FRT 64z",3.29,"Groceries"
"00052000338317","GATORADE ORN 64z",3.29,"Groceries"
"00052000338324","GATORADE LEM 64z",3.29,"Groceries"
"00052100747736","MC SPNCH DIP 17g",1.79,"Groceries"
"00052200008218","BN OATMEAL BN 8z",3.19,"Groceries"
"00052200008225","BN RICE CEREA 8z",3.19,"Groceries"
"00052200028001","BN CORN CEREL 8z",3.19,"Groceries"
"00053600102674","SSIPS LMON 10/6z",4.19,"Groceries"
"00053600102681","SSIPS FRUT 10/6z",4.19,"Groceries"
"00053600102704","SSIPS ORNG 10/6z",3.19,"Groceries"
"00053600102728","SSIPS GUAVA 4/6z",1.29,"Groceries"
"00053600102735","SSIPS STR K 4/6z",1.29,"Groceries"
"00053600104005","SSIPS GRN 10/6oz",3.19,"Groceries"
"00054100018700","VLASC RELISH 10z",2.09,"Groceries"
"00054400000054","AL STAEK SAUC 10",4.99,"Groceries"
"00055270839119","GRCE HT SAUCE 3z",0.99,"Groceries"
"00055270961124","GRCE MACK M 5.5z",0.99,"Groceries"
"00064144030644","PAM OLIVE OIL 5z",4.39,"Groceries"
"00064144042135"," JUMB MEATBL 14½",1.89,"Groceries"
"00064144043040","CB LASAGNA 15z",1.49,"Groceries"
"00064144043156","CB BEEF RVIOL 15",1.49,"Groceries"
"00064144043224","CB MEATBALLS 14½",1.49,"Groceries"
"00070074539843","PEDIALYTE STB 1L",6.29,"Groceries"
"00070074802404","PEDIALYTE GRP 1L",7.39,"Groceries"
"00070074803364","PEDIALYTE UNF 1L",6.29,"Groceries"
"00070450113285","PRUNE JUICE 32oz",3.59,"Groceries"
"00070594100264","CAFE  CARIBE 2z",1.59,"Groceries"
"00070662010020","TR BEEF FLVR 3oz",0.33,"Groceries"
"00070662010037","TR CHICKEN FL 3z",0.39,"Groceries"
"00070662010105","TR SHRIMP FLV 3z",0.33,"Groceries"
"00070662030011","CN BEEF FLVR 2¼z",0.5,"Groceries"
"00070662030028","CN SHRIMP 2¼oz",0.5,"Groceries"
"00070662030035","CN CHICKEN 2¼oz",0.5,"Groceries"
"00070734053160","CLSTL RSPBRY 45G",3.49,"Groceries"
"00070734053177","CELSTL LEMN 1.7 ",3.49,"Groceries"
"00070734053351","CLSTL BERRY 1.7z",3.49,"Groceries"
"00070734070372","CLSTL GREEN 1.5z",2.99,"Groceries"
"00070753012193","MIDGET E BOW 12z",1.99,"Groceries"
"00070753012209","LARGE E BOWS 12z",1.99,"Groceries"
"00070753012216","KLUSKI 12oz",1.99,"Groceries"
"00070796705007","CENTO CLAM J 8z",2.19,"Groceries"
"00070859323049","HN APPLE 4/4.23z",1.79,"Groceries"
"00070859323643","HN FRUIT 4/4.23z",1.79,"Groceries"
"00070920474496","SWISS CHOLT 7.3z",2.49,"Groceries"
"00071300000014","RNZ ZITI RGTI 1b",1.99,"Groceries"
"00071300000083","RNZ SPAGHETTI 1b",1.99,"Groceries"
"00071300000090","RNZ THIN SPAG 1b",1.99,"Groceries"
"00071300000175","RNZ LINGUINE 1lb",1.99,"Groceries"
"00071300000205","RNZ ANGEL HAI 1b",1.99,"Groceries"
"00071300000212","RNZ LG SHELLS 1b",1.99,"Groceries"
"00071300000229","RNZ MD SHELLS 1b",1.99,"Groceries"
"00071300000281","RZ MACARRONES 1b",1.99,"Groceries"
"00071300000359","RNZ ELBOWS 1lb",1.99,"Groceries"
"00071300000403","RNZ DITALINI 1lb",1.99,"Groceries"
"00071300000472","RONZONI ORZO 1lb",1.99,"Groceries"
"00071300000762","RNZ PENNE RIG 1b",1.99,"Groceries"
"00071300000809","RNZ LASAGNA 1lb",2.79,"Groceries"
"00071300000816","RNZ OVEN R LS 8z",2.79,"Groceries"
"00071300000908","RNZ MANICOTTI 8z",2.69,"Groceries"
"00071300000953","RNZ J SHELLS 12z",2.99,"Groceries"
"00071300001387","RNZ SM EGG B 12z",2.59,"Groceries"
"00071300800669","RNZ BOW TIES 12z",1.99,"Groceries"
"00072092324128","JOY SUG/CONES 5z",2.29,"Groceries"
"00072092424125","JOY J/CUPS 2¾z",2.29,"Groceries"
"00072486002205","JIFFY MUFFIN 8½z",0.99,"Groceries"
"00072878505239","DOÑA M MOLE 8.25",2.99,"Groceries"
"00073360709999","ARIZONA BLK 1GAL",3.49,"Groceries"
"00073693001005","CHOCLAT CRTES 7z",2.29,"Groceries"
"00073693001500","EMBAJADOR 0.92oz",1.99,"Groceries"
"00074027072074","PLR STRWBRRY 10Z",1.69,"Groceries"
"00074027075068","PLR MX FRUIT 10z",1.69,"Groceries"
"00074471000500","BUSTEL ESPRS 10z",4.49,"Groceries"
"00074471001040","EL PICO 10oz",4.69,"Groceries"
"00074471001095","EL PICO 10oz",4.39,"Groceries"
"00074471002108","BUSTELO DESC 10z",4.99,"Groceries"
"00074471011001","CFE BUSTEL 1.75z",2.89,"Groceries"
"00074471011025","CAFE BUSTEL 3.5z",5.29,"Groceries"
"00074471017102","CAFE BUSTELO 6oz",2.29,"Groceries"
"00074471017706","BSTELO CAPCHN 5z",3.59,"Groceries"
"00074471101009","PILON ESPRES 10z",4.99,"Groceries"
"00074471101016","PILON ESPRSS 10z",3.09,"Groceries"
"00075130143101","KD FRT CCKTL 8¾z",1.39,"Groceries"
"00075130160795","KD APPLE CD 1GAL",4.99,"Groceries"
"00075130163086","KD LEMON J 32oz",1.29,"Groceries"
"00075130163918","KD CRANBRRY 1GAL",7.39,"Groceries"
"00075130165561","KD PRUNE JUI 48z",3.69,"Groceries"
"00075130188065","K WHL MUSHRM 6½z",1.49,"Groceries"
"00075130188089","KD MUSHROOMS 8z",2.59,"Groceries"
"00075130195148","KD KETCHUP 14z",2.49,"Groceries"
"00075130263939","KD RIPE OLIVS 6z",1.69,"Groceries"
"00075130285399","KD PEANUTS 16oz",4.39,"Groceries"
"00075130285412","KD UNSALTED 16oz",4.39,"Groceries"
"00075130286075","KD CHERRIES 10z",2.49,"Groceries"
"00075130286174","KD CHER STEM 10z",2.59,"Groceries"
"00075130300542","KD MAYONNAISE 8z",1.89,"Groceries"
"00075130302461","YELLOW MUSTARD 9",0.59,"Groceries"
"00075130306230","KRASDL HONEY 16z",4.19,"Groceries"
"00075130306261","KRASDL HONEY 32z",7.69,"Groceries"
"00075130440347","KD COCNT/FLKS 7z",1.89,"Groceries"
"00075130468914","KD MC&CHEESE 7¼z",0.99,"Groceries"
"00075130483368","KD PARSLEY .50oz",0.99,"Groceries"
"00075130483375","KD GARLIC 6.85oz",0.99,"Groceries"
"00075130483382","KD SEASONED 7.5z",0.99,"Groceries"
"00075130483528","KD CAYENNE 2.25z",0.99,"Groceries"
"00075130483535","KD RED P 2.25oz",0.99,"Groceries"
"00075130483542","KD CURRY 3.35oz",0.99,"Groceries"
"00075130483566","KD ADOBO/P 6.5oz",0.99,"Groceries"
"00075130483573","KD POULTRY 4.80z",0.99,"Groceries"
"00075130545110","NO.4 CF FILTERS ",1.29,"Groceries"
"00075130546391","KD STWB KIWI 19z",2.69,"Groceries"
"00075130546407","KD CHERRY MX 19z",2.69,"Groceries"
"00075130546421","KD GRAPE MX 19oz",2.69,"Groceries"
"00075130546445","KD ORANGE MX 19z",2.69,"Groceries"
"00075130546490","KD STWBRY MX 19z",2.69,"Groceries"
"00075130546728","FRENCH VANLL 15z",3.89,"Groceries"
"00075130546995","KD EVAPORATE 12z",1.29,"Groceries"
"00075130557496","KD COFFEE FILTER",2.09,"Groceries"
"00075669106318","I FRJ CARITA 16z",1.59,"Groceries"
"00075669140022","IBERIA HOT 6z",1.79,"Groceries"
"00075669140053","IBERIA HOT S 12z",2.19,"Groceries"
"00075669197774","IBR SNACK C 210g",0.99,"Groceries"
"00076301000049","A&E AP G 3/8.45z",1.79,"Groceries"
"00076301241220","A&E APPL 8/4.23z",3.19,"Groceries"
"00076301241237","A&E PEAR 8/4.23z",3.19,"Groceries"
"00076301840003","A&E PNCH 8/4.23z",3.19,"Groceries"
"00076301840027","A&E APPL 8/4.23z",3.19,"Groceries"
"00076301840041","A&E BERR 8/4.23z",3.19,"Groceries"
"00076301840096","A&E ORAN 8/4.23z",3.19,"Groceries"
"00076301845060","A&E STRW K 8/6¾z",4.39,"Groceries"
"00076397031507","LC BAYS RFRTS 1b",1.89,"Groceries"
"00076397032504","LC RFRD BNS 20½z",1.89,"Groceries"
"00076397035604","LC FRJLS BAYS 29",2.59,"Groceries"
"00076397035659","LC FRIJOLES N 1b",2.59,"Groceries"
"00076397202129","LC JALAPÑ PP 12z",2.09,"Groceries"
"00076808002157","BA T·C PENNE 12z",1.89,"Groceries"
"00076808280746","BARILLA ZITI 1lb",1.89,"Groceries"
"00076808507386","BA FETTUCCINE 1b",1.99,"Groceries"
"00076808518290","BA T·C ROTINI 12",1.89,"Groceries"
"00077385123457","KIRBY BLACK 15z ",1.29,"Groceries"
"00077636010512","LA FLR ADOBO 13z",1.99,"Groceries"
"00077636013926","LA FLR CNNMON 4z",2.99,"Groceries"
"00077636016101","LA FLR GARLIC 3z",1.49,"Groceries"
"00077636018808","LA FLR NUTMEG 2z",4.49,"Groceries"
"00077636020238","LF ORGN WHL .75Z",1.69,"Groceries"
"00077885710614","TAPATIO HOT 5z",1.99,"Groceries"
"00080133810103","TE NANASUL .53z",2.39,"Groceries"
"00080133810257","TE MANASUL 1.32z",4.99,"Groceries"
"00080133810509","TE MANSUL 2.64z ",8.99,"Groceries"
"00080133820102","MNZNILL MAN .35z",1.19,"Groceries"
"00081279144008","MELAZA DMINIC 8z",2.29,"Groceries"
"00081537200170","DF MANGO 33.8oz",1.79,"Groceries"
"00081537200187","DF PINA 33.8oz",1.79,"Groceries"
"00081537202662","DF APPLE 3/6.7oz",1.39,"Groceries"
"00081537202686","DF MANGO 3/6.76z",1.39,"Groceries"
"00081537300016","INCAPARINA 15.9z",1.99,"Groceries"
"00086581002503","POZUEL EXTRA 25g",1.99,"Groceries"
"00086581006280","POZUEL MRIA 8.9z",1.79,"Groceries"
"00086581007423","PZUEL F/MIEL 1.1",1.29,"Groceries"
"00086581007690","POZUEL TIPO .88z",2.29,"Groceries"
"00086581007829","PZUEL CANST 9.2z",2.39,"Groceries"
"00086581010850","CHKY VAINI 16.9z",1.99,"Groceries"
"00086581010874","CHIKY FRSA 16.9z",1.99,"Groceries"
"00086581010881","CHKY CHOLTE 16.9",1.99,"Groceries"
"00086600101514","BB TUNA VEG O 9z",4.89,"Groceries"
"00086600104515","BB TUNA WATER 9z",4.59,"Groceries"
"00086600113517","BB TUNA OIL 9oz",4.39,"Groceries"
"00086600114514","BB TUNA WATER 9z",4.39,"Groceries"
"00086600702407","BF BABY CLAMS 5z",2.89,"Groceries"
"00086600750705","BB SARDINES 3¾oz",1.59,"Groceries"
"00086600750774","BB SARDINES 3¾oz",1.59,"Groceries"
"00086600752549","BB P CRABMEAT 6z",2.89,"Groceries"
"00087684000946","CS MOUNTAN 10/6z",3.29,"Groceries"
"00087684000953","CS PACIFIC 10/6z",3.29,"Groceries"
"00087684000960","CS COASTAL 10/6z",3.29,"Groceries"
"00087684000977","CS SPLASH 10/6z",3.29,"Groceries"
"00087684000991","CS ST KIWI 10/6z",3.29,"Groceries"
"00087684001011","CS STRWBRY 10/6z",3.29,"Groceries"
"00087684001059","CS ORANGE 10/6z",3.29,"Groceries"
"00088313001143","DUCAL CHORIZO 15",1.99,"Groceries"
"00088313001150","DUCAL CHEESE 15z",1.99,"Groceries"
"00088313001174","DUCAL RED 15oz",1.99,"Groceries"
"00088313001365","DUCAL BLACK 15oz",1.99,"Groceries"
"00088313062946","DUCAL BLACK 29oz",2.99,"Groceries"
"00088313262025","DUCAL RED 29oz",2.99,"Groceries"
"00089674000677","M TOMATO&BEEF 7z",1.99,"Groceries"
"00089674020217","M CHICKEN FVR 8z",2.29,"Groceries"
"00089674020248","M SEASONING 250g",3.19,"Groceries"
"00089674041427","M SOPA PLO C 60g",0.59,"Groceries"
"00089674041489","M SOPA PLO L 60g",0.59,"Groceries"
"00089674050900","M CREMA MARI 80g",1.39,"Groceries"
"00089674050948","M CREMA PLLO 64g",0.79,"Groceries"
"00089674087111","M PEPIAN 2.82oz",1.39,"Groceries"
"00089674087319","M HILACHAS 2.29z",1.59,"Groceries"
"00090388001416","REAL ATUN T 2.8z",4.49,"Groceries"
"00090388002376","REAL ATUN 12.5z",4.99,"Groceries"
"00090388004455","R ENCEBOLLAD 14z",3.99,"Groceries"
"00090388222224","R SARDINS TS 5.5",1.29,"Groceries"
"00090388333333","R SARDINS AS 15z",2.5,"Groceries"
"00094262021569","BIJOL 4oz",3.29,"Groceries"
"00094262021576","BIJOL 10oz",6.99,"Groceries"
"00094262413432","BIJOL 2oz",1.79,"Groceries"
"00097339000054","VALNTIN HOT 12½z",1.49,"Groceries"
"00181683000218","FABS HORCHATA 1z",2.99,"Groceries"
"00181683000232","FS AR ESTRESS 1z",2.99,"Groceries"
"00181683000300","AJI PERUANO 6oz",2.49,"Groceries"
"00181683000348","FBS CANELA 1.02z",2.39,"Groceries"
"00181683000362","FS CMIN MOLID 6z",3.99,"Groceries"
"00181683000379","FS PIMIENT NG 4z",2.99,"Groceries"
"00181683000423","SB ACHIOTE 16.9z",3.69,"Groceries"
"00181683000508","FS AJI CASERO 6z",2.39,"Groceries"
"00181683000515","FS AJI CASERO 6z",1.99,"Groceries"
"00181683000553","CHOCHOS 13oz",3.99,"Groceries"
"00181683000560","CHCHOS PCNTS 13z",3.99,"Groceries"
"00181683000614","FS SZONA TODO 7z",2.99,"Groceries"
"00181683000645","FS CHCLT AMBT 7z",4.99,"Groceries"
"00181683000836","FS ATUN OIL 5oz",2.49,"Groceries"
"00181683000959","FS SARDINS 5.5z",0.99,"Groceries"
"00183446000954","VIDA TOMILLO .7z",1.99,"Groceries"
"00300258109501","EQUL CLASC 1.75z",2.49,"Groceries"
"00300258900788","EQUL SACCHRN 3.5",1.49,"Groceries"
"00300870201423","ENFAMIL AR 12.9z",20.99,"Groceries"
"00300871365421","ENFAMIL INF 12½z",18.99,"Groceries"
"00600350113469","COGORNO SPG 1lb",0.99,"Groceries"
"00613008710194","ARIZONA FRT 1GAL",3.49,"Groceries"
"00613008719937","ARIZONA LEM 1GAL",3.49,"Groceries"
"00613008724849","ARIZONA 10/200ml",3.89,"Groceries"
"00613008735135","ARIZONA ICE 1GAL",3.49,"Groceries"
"00613008735593","ARIZONA 6pk/8oz",2.69,"Groceries"
"00644209410804","DH BANANA SUP 1b",2.79,"Groceries"
"00644209411009","DH LEMN SPREM 1b",2.79,"Groceries"
"00644209411207","DH SWISS CHLT 1b",2.79,"Groceries"
"00644209411306","DH PINEAPPL/S 1b",2.79,"Groceries"
"00644209411801","DH STRAWBERRY 1b",1.99,"Groceries"
"00644209413003","DH CLSC CRRTS 1b",2.99,"Groceries"
"00644209420957","DH DARK CHCLT 1b",2.69,"Groceries"
"00690912621280","GRO MEX MNZ ½oz",1.29,"Groceries"
"00693895201142","GROUND CUMIN 2z",1.19,"Groceries"
"00693895201173","GROUND ORGN 1.5z",1.19,"Groceries"
"00693895201180","WHOL OREGAN .75z",1.19,"Groceries"
"00693895201210","AS CNNON PWDR 2z",1.39,"Groceries"
"00693895201241","CURRY POWDER 2z",1.19,"Groceries"
"00693895201869","RED PEPPER 1.5z",1.39,"Groceries"
"00700716700927","CHICHA LMENA 16z",1.49,"Groceries"
"00700716700934","CHICHA LMENA 64z",3.19,"Groceries"
"00707425009365","CANELA MOLIDA 4z",1.79,"Groceries"
"00707425009587","MOSTZA ENTR 5.5z",1.69,"Groceries"
"00707425055010","RM MALAGUETA 2z",1.59,"Groceries"
"00707425160080","RM CMIN ENTRO 5z",1.99,"Groceries"
"00707425735684","RoSA M CLAVO 4oz",7.19,"Groceries"
"00707425754562","ROSA M ANIS 5oz",4.99,"Groceries"
"00707425764295","RM OREGAN MLD 4z",2.29,"Groceries"
"00707425917615","RM ANNATTO S 18z",5.79,"Groceries"
"00707425948206","RM CANLA MLID 6z",2.49,"Groceries"
"00707425955419","ROSA M LINAZA 6z",1.59,"Groceries"
"00707425968204","RM STAR ANIS 7oz",5.79,"Groceries"
"00707425988202","RM AJONJOLI 7oz",2.49,"Groceries"
"00710164444106","SD ARTIF VANI 4z",1.99,"Groceries"
"00722776200018","SPLENDA 1.75z",2.99,"Groceries"
"00722776200025","SPLENDA 3.5oz",5.49,"Groceries"
"00722776230329","SPLENDA BRWN 1lb",5.59,"Groceries"
"00727452000128","JALPEÑ PICKD 13.",1.5,"Groceries"
"00727452000319","JALAPÑ SLICED 28",3.19,"Groceries"
"00727452000326","JLPEÑ SLICED 13z",1.89,"Groceries"
"00727452000357","LM SLICD RED P 7",1.49,"Groceries"
"00727452000425","LM SERRANO PP 7z",0.99,"Groceries"
"00727452000609","LM RED M SAUC 7z",1.09,"Groceries"
"00727452002603","LM CHIPTLE P 13z",3.49,"Groceries"
"00729955561335","CNEL/MANZNA 1.23",1.39,"Groceries"
"00729955561427","IF CEBADA TD 12z",1.99,"Groceries"
"00729955561731","IF EMOLIENTE 16z",1.79,"Groceries"
"00729955562615","DI HR MORADA 12z",1.99,"Groceries"
"00729955563773","IF CANARIO 3Lb",7.99,"Groceries"
"00729955568341","IH TE BOLDO .88z",1.49,"Groceries"
"00729955568372","IH UÑA/GAT 1.32z",1.39,"Groceries"
"00729955568594","CANEL/CLAV 1.23z",1.39,"Groceries"
"00729955571952","IF AJI RCOTO 10½",2.29,"Groceries"
"00729955572997","IF CHICHA M 33.8",3.29,"Groceries"
"00729955573383","SOL CUSCO 11.43z",4.89,"Groceries"
"00729955573406","IH RC SUEÑ 1.23z",1.39,"Groceries"
"00729955573413","IH ANTIGRPL 1.23",1.39,"Groceries"
"00729955574304","HIERBABUENA .5oz",3.99,"Groceries"
"00730345000068","7AZAHARES .77oz ",2.99,"Groceries"
"00732290001015","SABORA 5.6oz",2.39,"Groceries"
"00732290001022","COMINO MD 5.6oz",2.99,"Groceries"
"00732290001046","ACHIOTE 8.1oz",2.29,"Groceries"
"00732290001053","ALINO ADBO 8.8z",2.29,"Groceries"
"00732290001060","GARLIC PST 8.8oz",2.79,"Groceries"
"00732290001343","ACHIOTE 16.2oz",4.39,"Groceries"
"00732290001350","ALINO ADBO 17.6z",3.59,"Groceries"
"00732290001367","GARLIC PST 17.6z",3.99,"Groceries"
"00732290006065","GARLIC PST 17.6z",3.49,"Groceries"
"00732290006614","SABORA 1.48oz",0.99,"Groceries"
"00732290006621","COMINO MD 1.48oz",0.99,"Groceries"
"00738777050187","B&B HRCHTA 22.9z",3.49,"Groceries"
"00738777050194","B&B JMAICA 22.6z",3.49,"Groceries"
"00738777070154","PICAMAS HOT 7½z",1.29,"Groceries"
"00738777080030","PICAMAS SALS 7½z",1.29,"Groceries"
"00739907000010","P.A.N. HRNA 2lb",2.99,"Groceries"
"00748325000571","CF SNT DMING 16z",5.99,"Groceries"
"00748757101112","DIAN VAINILL 18g",1.99,"Groceries"
"00752412100174","LC CHOCHOS S 14z",2.39,"Groceries"
"00752412100211","LC LENTEJON 14oz",1.49,"Groceries"
"00752412100402","CHOLTA LINAZA 9z",3.09,"Groceries"
"00752412111514","LC PANELA 16oz",1.5,"Groceries"
"00752412210101","CHOLIT ATN 5.64z",2.69,"Groceries"
"00752412301007","LC LZO GRAND 14z",1.29,"Groceries"
"00752412301014","LC LAZITO 14oz",1.29,"Groceries"
"00752412301021","LC CONCHITA 14z ",1.29,"Groceries"
"00752412301052","LC GLUTENADO 14z",1.29,"Groceries"
"00752412301076","LC MARGRIT M 14z",1.29,"Groceries"
"00752412301083","LC MARGRIT G 14z",1.29,"Groceries"
"00752412301090","LC 123ABC 14oz",1.29,"Groceries"
"00752412301106","LC CORBATA 14oz",1.29,"Groceries"
"00752412301113","LC MARGRIT P 14z",1.29,"Groceries"
"00753081002004","INA SPGHTI 7.05z",0.5,"Groceries"
"00754177502538","KLS MRCUYA 14.1z",3.19,"Groceries"
"00754177830532","KLS TMRNDO 14.1z",3.19,"Groceries"
"00754177830549","KLS HRCHTA 14.1z",3.19,"Groceries"
"00754177831096","KLS SANDIA 14.1z",3.19,"Groceries"
"00754177831119","KLS MANDRN 14.1Z",3.19,"Groceries"
"00754177831126","KLS GNABNA 14.1z",3.19,"Groceries"
"00754177832925","KLS LIMNDA 14.1z",2.99,"Groceries"
"00754177832932","KLS FRESA 14.1z",3.19,"Groceries"
"00754177832949","KLS NARNJA 14.1z",3.19,"Groceries"
"00756972000332","MELHER PALILLO ",1.49,"Groceries"
"00758437600491","CAÑA AZUCAR 32oz",4.49,"Groceries"
"00760203000626","MARSHMLLOWS 11.8",1.49,"Groceries"
"00760203004143","MARSHMALLOWS 7z",1.19,"Groceries"
"00760203005164","MARSHMALLOWS 7z",1.19,"Groceries"
"00761720050101","KAROL DARK C 16z",3.49,"Groceries"
"00761720053003","MAZOLA CANLA 32z",4.89,"Groceries"
"00761720053362","MAZOLA CANLA 48z",6.19,"Groceries"
"00761720056202","MAZOLA OIL 16oz",3.19,"Groceries"
"00761720056301","MAZOLA OIL 32oz",4.89,"Groceries"
"00761720056400","MAZOLA OIL 24oz",3.79,"Groceries"
"00761720056509","MAZOLA OIL 48z",6.19,"Groceries"
"00761720059302","MAZOLA PLUS 32z",4.89,"Groceries"
"00761720059609","MAZOLA PLUS 48z",6.19,"Groceries"
"00761720205600","CANOLA SPRAY 5z ",2.89,"Groceries"
"00761720988183","ARGO BAKING 12oz",2.39,"Groceries"
"00781347600107","CLASICO 14.11oz",1.99,"Groceries"
"00781347601067","CM FRESA 14.11oz",1.99,"Groceries"
"00786831019267","DM PIT PRUNES 8z",2.89,"Groceries"
"00786831025923","DM PT PRUNES 18z",5.29,"Groceries"
"00787545005232","S RANCHERO 15½oz",2.29,"Groceries"
"00787545005249","S RANCHERO 29oz",3.49,"Groceries"
"00812125000496","PF EVAPORATE 13z",1.49,"Groceries"
"00812125002247","PF CHICHA M 4.2z",1.39,"Groceries"
"00812125002278","PF STRWB GL 5.3z",1.69,"Groceries"
"00812125002285","PF PINEPP G 7oz",1.39,"Groceries"
"00812125002292","PF ORANGE GEL 7z",1.39,"Groceries"
"00812125002407","PF VANLL FLAN 7z",1.49,"Groceries"
"00812125002414","PF MAZAMORRA 7oz",1.49,"Groceries"
"00812125004265","PEACH HALVES 29z",2.5,"Groceries"
"00812125005026","PF ATUN ACEIT 5Z",2.49,"Groceries"
"00812125008010","PF HUACATAY 7½oz",1.79,"Groceries"
"00812125008164","CILANTRO PST 7½z",1.79,"Groceries"
"00812125008348","PF AZ CEBADA 15z",1.79,"Groceries"
"00812125009208","PF AJI PANCA 7½z",1.79,"Groceries"
"00812125009215","PF AJI AMRLLO 7½",1.99,"Groceries"
"00812125009239","PF GARLIC PST 7½",1.79,"Groceries"
"00812125009338","AJI·NO·MOTO 3.5z",1.99,"Groceries"
"00812125009406","PF ALFONSO AT 20",3.79,"Groceries"
"00812125009567","PF QUINUA 15oz",3.19,"Groceries"
"00812125009604","PF PRPL CORN 15z",2.49,"Groceries"
"00812125009611","PF MAIZ MNTN 15z",1.99,"Groceries"
"00812125009635","PF PAPA SECA 15z",1.99,"Groceries"
"00812125009642","PF F CANARIO 15z",2.99,"Groceries"
"00812125009659","PF HRN CHUNO 12z",1.89,"Groceries"
"00812125009697","PF TRIGO PDO 15z",1.79,"Groceries"
"00812125009949","PF PALILLO 1.5oz",1.49,"Groceries"
"00812125009956","AJI·NO·MOTO 8.8z",1.99,"Groceries"
"00812125009963","PF TALLARIN 8.8z",1.19,"Groceries"
"00812125009987","SIYAU KIKK 16.8z",1.49,"Groceries"
"00812125010006","PF HRNA LNAZA 12",2.49,"Groceries"
"00812125013588","AC MAYONSA 3.88z",1.49,"Groceries"
"00812828010013","MT CMINO GRAN 4z",2.29,"Groceries"
"00812828010044","ANIS ESTRELLD 2z",2.29,"Groceries"
"00812828010075","MT CANLA RM 1.1z",2.29,"Groceries"
"00812828010198","MT PASTA AJO 31z",5.49,"Groceries"
"00812828010372","MT PANELA 14.8oz",1.79,"Groceries"
"00812828010693","MT CHOCHOS 14oz",2.29,"Groceries"
"00812828010785","MT ARVEJAS V 12z",1.19,"Groceries"
"00812828010808","MT CANGUIL 12oz",1.19,"Groceries"
"00812828010822","MT GARBANZOS 12z",1.49,"Groceries"
"00812828012291","MT LZ CHIC 14.1z",1.49,"Groceries"
"00812828012413","MT PASTA 14.11z",1.49,"Groceries"
"00812828012437","MT LZ CANST 14.1",1.49,"Groceries"
"00812828012734","MT VAINILLA 4z",1.99,"Groceries"
"00812828012741","MT ESNCI COCO 4z",1.99,"Groceries"
"00816493010019","EY S PICANTE 4oz",2.19,"Groceries"
"00816493010057","EY S KUTBIL·IK 4",2.19,"Groceries"
"00822325000349","As D O ROJOS 2lb",4.29,"Groceries"
"00822325000370","As D O NEGRO 24z",3.29,"Groceries"
"00825262005460","AF HARINA HBA 14",1.49,"Groceries"
"00825262005606","AF HARINA MZ 14z",1.79,"Groceries"
"00825262005804","FRJOL TUMBES 14z",2.29,"Groceries"
"00834164000008","CARIDON N 14.1z ",1.49,"Groceries"
"00834483000017","CAMPO VERDE 14oz",2.99,"Groceries"
"00838706000013","TURBINDO SUGR 2b",2.99,"Groceries"
"00853394001326","MT NANCE 32oz",4.79,"Groceries"
"00853394001340","MT LOROCO 32oz",5.49,"Groceries"
"00853394001371","MT FLOR IZOTE 32",5.59,"Groceries"
"00853394001593","MT HORCHATA 1oz",1.99,"Groceries"
"00853394001630","MT AJI CASERO 5z",1.99,"Groceries"
"00853394001692","MT AJI EXTRA 5z",1.99,"Groceries"
"00853394001852","MT LENTEJON 12oz",1.19,"Groceries"
"00854219002528","VA HARINA AL 14z",1.99,"Groceries"
"00874093000014","FS AZ CEBADA 14z",2.39,"Groceries"
"00874093000045","FS MAIZ CHLP 14z",2.29,"Groceries"
"00874093000083","FS MOROCHO P 14z",1.49,"Groceries"
"00874093000137","FS CANGUIL 14oz",1.49,"Groceries"
"00874093000175","FS PEPA SAMBO 8z",4.49,"Groceries"
"00874093000212","FS ARVEJAS 14oz",2.29,"Groceries"
"00874093000250","FS HRIN BNAN 14z",2.29,"Groceries"
"00874093000267","FS MACHICA 14oz",2.29,"Groceries"
"00874093000281","FS HRIN YUCA 14z",2.19,"Groceries"
"00874093000328","FS LENTEJAS 32oz",2.99,"Groceries"
"00874093000397","FS MAIZ JORA 14z",2.49,"Groceries"
"00874093000427","FS HRIN SOYA 14z",2.19,"Groceries"
"00874093000465","ALINO PASTA 16.9",2.99,"Groceries"
"00874093002520","FS SARDIN STJ 15",2.49,"Groceries"
"00884752000101","HIERBA SL ANDINO",1.79,"Groceries"
"00884752000200","HIERBA SL ANDINO",1.79,"Groceries"
"00884752000408","HIERBA SL ANDINO",1.79,"Groceries"
"00884752000507","HIERBA SL ANDINO",1.79,"Groceries"
"00884752000606","HIERBA SL ANDINO",1.79,"Groceries"
"00884752000705","HIERBA SL ANDINO",1.79,"Groceries"
"00884752000804","HIERBA SL ANDINO",1.79,"Groceries"
"00884752000903","HIERBA SL ANDINO",1.79,"Groceries"
"00884752002204","HIERBA SL ANDINO",1.79,"Groceries"
"00884752003119","HIERBA SL ANDLNO",1.79,"Groceries"
"00884752003300","HIERBA SL ANDINO",1.79,"Groceries"
"00884752003508","HIERBA SL ANDINO",1.79,"Groceries"
"00884752003607","HIERBA SL ANDINO",1.79,"Groceries"
"00884752003706","HIERBA SL ANDINO",1.79,"Groceries"
"00884752003805","HIERBA SL ANDINO",1.79,"Groceries"
"00884752003812","HIERBA SL ANDINO",1.79,"Groceries"
"00884752004000","HIERBA SL ANDINO",1.79,"Groceries"
"00884752005007","HIERBA SL ANDINO",1.79,"Groceries"
"00884752005106","HIERBA SL ANDINO",1.79,"Groceries"
"00884752005403","HIERBA SL ANDINO",1.79,"Groceries"
"00884752006103","HIERBA SL ANDINO",1.79,"Groceries"
"00884752007001","HIERBA SL ANDINO",1.79,"Groceries"
"00884752007100","HIERBA SL ANDINO",1.79,"Groceries"
"00884752007605","HIERBA SL ANDINO",1.79,"Groceries"
"00884752007704","HIERBA SL ANDINO",1.79,"Groceries"
"00884752007841","HIERBA SL ANDINO",1.79,"Groceries"
"00884752008008","HIERBA SL ANDINO",1.79,"Groceries"
"00884752008107","HIERBA SL ANDINO",1.79,"Groceries"
"00884752009005","HIERBA SL ANDINO",1.79,"Groceries"
"00884752010001","HIERBA SL ANDINO",1.79,"Groceries"
"00884752010100","HIERBA SL ANDINO",1.79,"Groceries"
"00884752010209","HIERBA SL ANDINO",1.79,"Groceries"
"00884752011008","HIERBA SL ANDINO",1.79,"Groceries"
"00884752011107","HIERBA SL ANDINO",1.79,"Groceries"
"00884752011305","HIERBA SL ANDINO",1.79,"Groceries"
"00884752011503","HIERBA SL ANDINO",1.79,"Groceries"
"00884752011602","HIERBA SL ANDINO",1.79,"Groceries"
"00884752013101","HIERBA SL ANDINO",1.79,"Groceries"
"00884752013309","HIERBA SL ANDINO",1.79,"Groceries"
"00884752014108","HIERBA SL ANDINO",1.79,"Groceries"
"00884752014207","HIERBA SL ANDINO",1.79,"Groceries"
"00884752014306","HIERBA SL ANDINO",1.79,"Groceries"
"00884752015006","HIERBA SL ANDINO",1.79,"Groceries"
"00884752015105","HIERBA SL ANDINO",1.79,"Groceries"
"00884752016201","HIERBA SL ANDINO",1.79,"Groceries"
"00884752017000","HIERBA SL ANDINO",1.79,"Groceries"
"00884752017109","HIERBA SL ANDINO",1.79,"Groceries"
"00884752017208","HIERBA SL ANDINO",1.79,"Groceries"
"00884752017307","HIERBA SL ANDINO",1.79,"Groceries"
"00884752017321","HIERBA SL ANDINO",1.79,"Groceries"
"00884752017338","HIERBA SL ANDINO",1.79,"Groceries"
"00884752018007","HIERBA SL ANDINO",1.79,"Groceries"
"00884752019004","HIERBA SL ANDINO",1.79,"Groceries"
"00884752019202","HIERBA SL ANDINO",1.79,"Groceries"
"00884752019301","HIERBA SL ANDINO",1.79,"Groceries"
"00884752019509","HIERBA SL ANDINO",1.79,"Groceries"
"00884752021106","HIERBA SL ANDINO",1.79,"Groceries"
"00884752022004","HIERBA SL ANDINO",1.79,"Groceries"
"00884752022028","HIERBA SL ANDINO",1.79,"Groceries"
"00884752022042","HIERBA SL ANDLNO",1.79,"Groceries"
"00884752022059","HIERBA SL ANDINO",1.79,"Groceries"
"00884912002181","HIERBA SL ANDINO",1.79,"Groceries"
"00884912012791","POST CINN/B 14½z",5.29,"Groceries"
"00884912014245","PST HNY/RSTD 14½",5.29,"Groceries"
"00884912014276","POST ALMONDS 18z",5.99,"Groceries"
"00884912017864","PST VANILL/B 18z",5.29,"Groceries"
"00884912032171","PT PECN BCHS 14½",5.29,"Groceries"
"00884912112217","PST STRAWBRR 13z",5.29,"Groceries"
"00884912129512","PT CC/PEBBLS 11z",4.69,"Groceries"
"00884912129710","PST F/PEBBLS 11z",4.69,"Groceries"
"00891728000102","D ARRZ PRTID 14Z",1.39,"Groceries"
"00891728000133","FRJOL CANRIO 14z",2.79,"Groceries"
"00891728000157","DCAMP LINAZA 14z",1.99,"Groceries"
"00891728000171","DC M CUZCO 14oz",1.99,"Groceries"
"00891728000201","DC MOTE PELD 14z",2.29,"Groceries"
"00891728000225","DCAMP QUINUA 14z",3.99,"Groceries"
"00891728000249","TRGO PELADO 14oz",1.89,"Groceries"
"00891728000256","TRG RESBALAD 14z",1.39,"Groceries"
"00891728000287","DC HRIN HABS 14z",2.29,"Groceries"
"00891728000294","DCAMP MACHCA 14z",1.79,"Groceries"
"00000000131240","HENZ KETCHUP 14z",2.09,"Groceries"
"00000000131750","HNZ RED WINE 12z",2.99,"Groceries"
"00000000133440","HENZ O KTCHUP 14",2.89,"Groceries"
"00000000136400","HENZ KETCHUP 20z",2.39,"Groceries"
"00000000148103","MOTT'S ORGL 6/4z",3.19,"Groceries"
"00000000148233","MOTT'S CNMN 6/4z",2.89,"Groceries"
"00000000148823","MOTT'S STWB 6/4z",3.19,"Groceries"
"00000000154110","GB CARROTS 4oz",0.89,"Groceries"
"00000000154120","GB GRN BEANS 4oz",0.89,"Groceries"
"00000000154160","GB PEAS 4oz",0.89,"Groceries"
"00000000154170","GERBER SQUASH 4z",0.89,"Groceries"
"00000000154180","GB S POTATOES 4z",0.89,"Groceries"
"00000000154270","GB APPL STRWB 4z",0.89,"Groceries"
"00000000154310","GB APPLESAUCE 4z",0.89,"Groceries"
"00000000154340","GERBER PEARS 4oz",0.89,"Groceries"
"00000000154350","GB BANANAS 4oz",0.89,"Groceries"
"00000000154470","GB APPL BLBRY 4z",0.89,"Groceries"
"00000000242900","DM KETCHUP 14z",1.69,"Groceries"
"00000000246430","DM KETCHUP 36z",4.29,"Groceries"
"00000000281654","GRAVY MASTER 5z",3.89,"Groceries"
"00000000381100","CORN FLAKES 12z",4.19,"Groceries"
"00000000381200","CORN FLAKES 18z",4.99,"Groceries"
"00000000412850","LIPTON 1.25oz ",1.49,"Groceries"
"00000000412870","LPTON 100%NTRL8z",5.89,"Groceries"
"00000000413240","LP NOODLE S 4.5z",1.29,"Groceries"
"00000000413320","LP CHICKN S 4.2z",1.59,"Groceries"
"00000000478523","ACCENT 2oz",2.49,"Groceries"
"00000000521052","BN PEARS 2½oz",0.79,"Groceries"
"00000000521072","BN BANANAS 2½oz",0.79,"Groceries"
"00000000521172","BN SQUASH 2½oz",0.79,"Groceries"
"00000000524152","BN OATMEAL BB 8z",3.19,"Groceries"
"00000000524452","BEECHNUT RICE 8z",3.19,"Groceries"
"00000000524682","BN RICE&CHIQT 8z",3.19,"Groceries"
"00000000525502","BN CHCKN RICE 4z",1.29,"Groceries"
"00000000527922","BN TK&TRKY B 2½z",1.29,"Groceries"
"00000000527952","BN CN&CHKN B 2½z",1.29,"Groceries"
"00000000527972","BN BF&BF BRT 2½z",1.29,"Groceries"
"00000000528472","BN APPL GUAVA 4z",0.89,"Groceries"
"00000000529032","BN BNANA PECH 4z",0.89,"Groceries"
"00000000529042","BN APPL MANGO 4z",0.89,"Groceries"
"00000000529062","BEECHNT GUAVA 4z",0.89,"Groceries"
"00000000529072","BN SQUASH 4oz",0.89,"Groceries"
"00000000544803","REGINA RED V 12z",2.49,"Groceries"
"00000000732614","GOLDN B HNEY 12z",5.29,"Groceries"
"00000000732654","GOLDEN B HNEY 8z",3.59,"Groceries"
"00000000732684","GOLDN B HNEY 24z",9.19,"Groceries"
"00000000866053","BB TUNA WATER 5z",2.49,"Groceries"
"00000000866083","BB TUNA VEG O 5z",2.49,"Groceries"
"00000000866203","BB TUNA WATER 5z",1.69,"Groceries"
"00000000866213","BB TUNA VEG O 5z",1.69,"Groceries"
"00000000866253","BB TUNA WATER 5z",2.29,"Groceries"
"00000000866263","BB TUNA VEG O 5z",2.49,"Groceries"
"00000000866733","BB PK SALMON 7½z",2.19,"Groceries"
